"S.No","Dish / Product Name","Category","Price (₹)","MRP (₹)","Discount (%)","Unit / Serving","Kitchen Stock","Storefront Status","Menu Section Tags","Product ID","Category ID"
"1","Aaloo Masala Sandwitch","Fruits & Vegetables","70","70","0","Qty 1","999","VISIBLE (ON)","sandwiches, sandwiches, sandwich, veg, restaurant, restaurant","cmqhvntew000104jx1l1oa4q6","cmqh1haw30000zcid4vj7i1yj"
"2","American cup ","Ice Cream","29","30","3","","99999","VISIBLE (ON)","ice-cream, desserts, as-restaurant, kulfi, cones","cmrubmwbl000304laafxtiuwq","cmqgzqfv70007vkider7h6e4j"
"3","Badam Pista","Ice Cream","49","50","2","110 ml","99999","HIDDEN (OFF)","ice-cream, desserts, as-restaurant, kulfi, cones","cmqhfj4wg000004i9xdzx7pm6","cmqgzqfv70007vkider7h6e4j"
"4","Belgium Cone","Ice Cream","49","50","2","110 ml","0 (Sold Out)","HIDDEN (OFF)","ice-cream, desserts, as-restaurant, kulfi, cones","cmr11i5l2000204jppwayex91","cmqgzqfv70007vkider7h6e4j"
"5","Blue Lagoon Mojito","Fruits & Vegetables","80","80","0","300 ml","999","VISIBLE (ON)","mocktails, mocktails, mocktail, coolers, cooler, mojito, veg, restaurant, restaurant","cmqhz0yci000304jufb2qkdmn","cmqh1haw30000zcid4vj7i1yj"
"6","Butter Masala Dosa","Fruits & Vegetables","75","75","0","1 Plate","999","VISIBLE (ON)","south-indian, south-indian, south indian, dosa, veg, restaurant, restaurant","cmqifvqlc000004jshcp8b9s2","cmqh1haw30000zcid4vj7i1yj"
"7","Butter Masala Paneer Dosa","Fruits & Vegetables","90","90","0","1 Plate","999","VISIBLE (ON)","south-indian, south-indian, south indian, dosa, veg, restaurant, restaurant","cmqifxp7m000104js435y9tki","cmqh1haw30000zcid4vj7i1yj"
"8","Butter Paneer Dosa","Fruits & Vegetables","110","110","0","1 Plate","999","VISIBLE (ON)","south-indian, south-indian, south indian, dosa, veg, restaurant, restaurant","cmqifzr6s000204jsul1rpd2c","cmqh1haw30000zcid4vj7i1yj"
"9","Butter Paneer Pav bhaji","Fruits & Vegetables","90","90","0","1 Plate","999","VISIBLE (ON)","pav-bhaji, pav-bhaji, pav bhaji, pavbhaji, veg, restaurant, restaurant","cmqrr3h59000004jybdt8dzx0","cmqh1haw30000zcid4vj7i1yj"
"10","Butter Paper Dosa","Fruits & Vegetables","50","50","0","1 Plate","999","VISIBLE (ON)","south-indian, south-indian, south indian, dosa, veg, restaurant, restaurant","cmqifu59o000j04l461989y9s","cmqh1haw30000zcid4vj7i1yj"
"11","Butter Pavbhaji","Fruits & Vegetables","75","75","0","1 Plate","998","VISIBLE (ON)","pav-bhaji, pav-bhaji, pav bhaji, pavbhaji, veg, restaurant, restaurant","cmqrr1vvz000004ldl3husnlc","cmqh1haw30000zcid4vj7i1yj"
"12","Butterscotch ","Ice Cream","124","125","1","700 ml","99998","HIDDEN (OFF)","ice-cream, desserts, as-restaurant, kulfi, cones","cmqhg6i2s000004l5rre98dd1","cmqgzqfv70007vkider7h6e4j"
"13","Butterscotch Cone ","Ice Cream","20","20","0","","42","VISIBLE (ON)","ice-cream, desserts, as-restaurant, kulfi, cones","cmsfrg5b5000e04l1yyvl0o33","cmqgzqfv70007vkider7h6e4j"
"14","Butterscotch Shake","Fruits & Vegetables","85","85","0","300 ml","999","VISIBLE (ON)","shakes, shakes, shake, milkshake, milkshakes, veg, restaurant, restaurant","cmqhzmodz000104icef59dlgf","cmqh1haw30000zcid4vj7i1yj"
"15","Capsicum Pizza","Fruits & Vegetables","109","119","8","Qty 1","998","VISIBLE (ON)","pizza, restaurant","cmqht67tu000104jmsqnu8acz","cmqh1haw30000zcid4vj7i1yj"
"16","Casata","Ice Cream","49","50","2","Qty 1","0 (Sold Out)","HIDDEN (OFF)","ice-cream, desserts, as-restaurant, kulfi, cones","cmqhg1ons000104l4fz9uv424","cmqgzqfv70007vkider7h6e4j"
"17","Chappan Bhog","Ice Cream","149","160","7","700 ml","0 (Sold Out)","HIDDEN (OFF)","ice-cream, desserts, as-restaurant, kulfi, cones","cmqvux86n000404icvt0duoax","cmqgzqfv70007vkider7h6e4j"
"18","Cheeze Baking Pasta","Fruits & Vegetables","135","135","0","1 Plate","999","VISIBLE (ON)","italian-pasta, italian-pasta, italian-pastas, italian pasta's, pasta, veg, restaurant, restaurant","cmqigj0ck000204l88l6148ni","cmqh1haw30000zcid4vj7i1yj"
"19","Cheeze Burger","Fruits & Vegetables","65","65","0","Qty 1","999","VISIBLE (ON)","burgers, burgers, burger, veg-burger, cheese-burger, paneer-burger, veg, restaurant, restaurant","cmqhv443d000204ib5occu1ux","cmqh1haw30000zcid4vj7i1yj"
"20","Cheeze Frankie Roll","Fruits & Vegetables","85","85","0","1 Roll","999","VISIBLE (ON)","frankie-rolls, frankie-rolls, frankie rolls, frankie-roll, frankie roll, rolls, roll, kathi roll, kathi-roll, veg, restaurant, restaurant","cmqj7ilwq000004l520l9p1a0","cmqh1haw30000zcid4vj7i1yj"
"21","Cheeze Garlic Bread","Fruits & Vegetables","95","95","0","Qty 1 ( 4 pcs)","999","VISIBLE (ON)","garlic-bread, garlic-bread, garlic bread, garlic-breads, veg, restaurant, restaurant","cmqhxu43w000004l8suhk40k1","cmqh1haw30000zcid4vj7i1yj"
"22","Cheeze Sandwitch","Fruits & Vegetables","85","85","0","Qty 1","999","VISIBLE (ON)","sandwiches, sandwiches, sandwich, veg, restaurant, restaurant","cmqhvqqji000304jx0gvc4fu1","cmqh1haw30000zcid4vj7i1yj"
"23","Cheezy Paneer Pizza","Fruits & Vegetables","129","139","7","Qty 1","998","VISIBLE (ON)","pizza, restaurant","cmqhthroi000004jm7qs4w6yg","cmqh1haw30000zcid4vj7i1yj"
"24","Chili Garlic Noodles","Fruits & Vegetables","95","95","0","1 Plate","997","VISIBLE (ON)","chinese, chinese, chinese-cuisine, chinese cuisine, veg, restaurant, restaurant","cmqi29esq000104jul11c2g04","cmqh1haw30000zcid4vj7i1yj"
"25","Chili Garlic Rice","Fruits & Vegetables","95","95","0","1 Plate","999","VISIBLE (ON)","rice-dishes, rice-dishes, rice dishes, rice-dish, rice dish, biryani, pulav, veg, restaurant, restaurant","cmqjdrdpt000004jsmk69y8tb","cmqh1haw30000zcid4vj7i1yj"
"26","Chili Paneer","Fruits & Vegetables","145","145","0","1 Plate","999","VISIBLE (ON)","chinese, chinese, chinese-cuisine, chinese cuisine, veg, restaurant, restaurant","cmqi33m21000004jj1jm44pjh","cmqh1haw30000zcid4vj7i1yj"
"27","Chili Potato","Fruits & Vegetables","95","95","0","1 Plate","996","VISIBLE (ON)","chinese, chinese, chinese-cuisine, chinese cuisine, veg, restaurant, restaurant","cmqi2saaw000004l79ak7g2sr","cmqh1haw30000zcid4vj7i1yj"
"28","Choclate","Ice Cream","149","160","7","700 ml","99999","VISIBLE (ON)","ice-cream, desserts, as-restaurant, kulfi, cones","cmqvuusry000204ic8kxg6tb7","cmqgzqfv70007vkider7h6e4j"
"29","Choco Brownie Sundae ","Ice Cream","49","50","2","Qty 1","99995","VISIBLE (ON)","ice-cream, as-restaurant","cmqhfy8vg000004jji9091jk7","cmqgzqfv70007vkider7h6e4j"
"30","Choco Delight","Fruits & Vegetables","85","85","0","300 ml","999","VISIBLE (ON)","cold-coffee, cold-coffee, cold coffee, iced coffee, iced-coffee, coldcoffee, shake, shakes, veg, restaurant, restaurant","cmqhzjf0x000004l13sdhh9ws","cmqh1haw30000zcid4vj7i1yj"
"31","Choco Surprise ","Ice Cream","40","40","0","","99999","VISIBLE (ON)","ice-cream, desserts, as-restaurant, kulfi, cones","cmr11hgh0000104jpgkcfbgk0","cmqgzqfv70007vkider7h6e4j"
"32","Chocolate Shake","Fruits & Vegetables","90","90","0","300 ml","999","VISIBLE (ON)","shakes, shakes, shake, milkshake, milkshakes, veg, restaurant, restaurant","cmqhztm5k000004jud47mx8o0","cmqh1haw30000zcid4vj7i1yj"
"33","Classic Cold Coffee","Fruits & Vegetables","60","60","0","300ml","990","VISIBLE (ON)","shakes, shakes, shake, milkshake, milkshakes, veg, restaurant, restaurant","cmqhykgmz000004jucm99q59h","cmqh1haw30000zcid4vj7i1yj"
"34","Cookie Chips","Ice Cream","39","40","3","110 ml","0 (Sold Out)","HIDDEN (OFF)","ice-cream, desserts, as-restaurant, kulfi, cones","cmqhfoca3000004kzzeo89uce","cmqgzqfv70007vkider7h6e4j"
"35","Corn Cheeze Burger","Fruits & Vegetables","80","80","0","Qty 1","999","VISIBLE (ON)","burgers, burgers, burger, veg-burger, cheese-burger, paneer-burger, veg, restaurant, restaurant","cmqhv7a50000104jxa8x5anbw","cmqh1haw30000zcid4vj7i1yj"
"36","Corn Cheeze Garlic Bread","Fruits & Vegetables","105","105","0","Qty 1 (4 Pcs)","999","VISIBLE (ON)","garlic-bread, garlic-bread, garlic bread, garlic-breads, veg, restaurant, restaurant","cmqhxvnfr000004jxq2npqa3s","cmqh1haw30000zcid4vj7i1yj"
"37","Corn Cheeze Sandwitch","Fruits & Vegetables","90","90","0","Qty 1","999","VISIBLE (ON)","sandwiches, sandwiches, sandwich, veg, restaurant, restaurant","cmqhvw0f8000104i8i4549ujo","cmqh1haw30000zcid4vj7i1yj"
"38","Desi Style Pizza","Fruits & Vegetables","129","139","7","Qty 1","999","VISIBLE (ON)","pizza, restaurant","cmqhtemk7000004i6oc8bc5ee","cmqh1haw30000zcid4vj7i1yj"
"39","Extra Pav","Fruits & Vegetables","25","39","36","1 Pav ( 3Pcs)","999","VISIBLE (ON)","pav-bhaji, restaurant","cmqrr4sb4000104jy5bossral","cmqh1haw30000zcid4vj7i1yj"
"40","French Fries/ Finger","Fruits & Vegetables","50","50","0","1 Plate","997","VISIBLE (ON)","hot-bite, hot-bite, snacks, momos, veg, restaurant, restaurant","cmqi40nph000204l4doqm7pvl","cmqh1haw30000zcid4vj7i1yj"
"41","Green Apple Mojito","Fruits & Vegetables","80","80","0","300 ml","999","VISIBLE (ON)","mocktails, mocktails, mocktail, coolers, cooler, mojito, veg, restaurant, restaurant","cmqhz56ri000004juemwv5bqn","cmqh1haw30000zcid4vj7i1yj"
"42","Green Mint Mojito","Fruits & Vegetables","80","80","0","300 ml","999","VISIBLE (ON)","mocktails, mocktails, mocktail, coolers, cooler, mojito, veg, restaurant, restaurant","cmqhyzera000204juu848lxrz","cmqh1haw30000zcid4vj7i1yj"
"43","Hakka Noodles","Fruits & Vegetables","85","85","0","1 Plate","999","VISIBLE (ON)","chinese, chinese, chinese-cuisine, chinese cuisine, veg, restaurant, restaurant","cmqi1vyf3000004l8lf96p8qt","cmqh1haw30000zcid4vj7i1yj"
"44","Italian Pizza","Fruits & Vegetables","129","139","7","Qty 1","999","VISIBLE (ON)","pizza, restaurant","cmqhtp68g000004i6zpv2x2vs","cmqh1haw30000zcid4vj7i1yj"
"45","Kruchy Twist","Ice Cream","29","30","3","","99995","VISIBLE (ON)","ice-cream, desserts, as-restaurant, kulfi, cones","cmqvta0yb000104ic3hvrzjni","cmqgzqfv70007vkider7h6e4j"
"46","Manchurian","Fruits & Vegetables","95","95","0","1 Plate","999","VISIBLE (ON)","chinese, chinese, chinese-cuisine, chinese cuisine, veg, restaurant, restaurant","cmqi2xyx5000004jj44kl54wt","cmqh1haw30000zcid4vj7i1yj"
"47","Margherita Pizza","Fruits & Vegetables","99","109","9","Qty 1","999","VISIBLE (ON)","pizza, restaurant","cmqhr6jb4000004kyqmmyp7vt","cmqh1haw30000zcid4vj7i1yj"
"48","Matka Kulfi","Ice Cream","59","60","2","Qty 1","99996","VISIBLE (ON)","ice-cream, desserts, as-restaurant, kulfi, cones","cmqhfxac2000204l4ncrzkkq4","cmqgzqfv70007vkider7h6e4j"
"49","MaxYum Almond ","Ice Cream","49","50","2","Qty 1","99999","VISIBLE (ON)","ice-cream, desserts, as-restaurant, kulfi, cones","cmqhfu37r000004l4u8tx2von","cmqgzqfv70007vkider7h6e4j"
"50","Mix Sauce Pasta","Fruits & Vegetables","125","125","0","1 Plate","999","VISIBLE (ON)","italian-pasta, italian-pasta, italian-pastas, italian pasta's, pasta, veg, restaurant, restaurant","cmqigtmrg000004l11nz6jo3v","cmqh1haw30000zcid4vj7i1yj"
"51","Mix Veg Garlic Bread","Fruits & Vegetables","110","110","0","Qty 1 (4 Pcs)","999","VISIBLE (ON)","garlic-bread, garlic-bread, garlic bread, garlic-breads, veg, restaurant, restaurant","cmqhxy8rt000204jxepz12vcs","cmqh1haw30000zcid4vj7i1yj"
"52","Namaste India Choclate Cookies","Ice Cream","40","40","0","6","5","VISIBLE (ON)","ice-cream, desserts, as-restaurant","cmseypfxd000804laak2p1cgx","cmqgzqfv70007vkider7h6e4j"
"53","Onion Pizza","Fruits & Vegetables","109","119","8","Qty 1","999","VISIBLE (ON)","pizza, restaurant","cmqhrugyu000004i98zvpckjq","cmqh1haw30000zcid4vj7i1yj"
"54","Oreo Chocolate Shake","Fruits & Vegetables","100","100","0","300 ml","999","VISIBLE (ON)","shakes, shakes, shake, milkshake, milkshakes, veg, restaurant, restaurant","cmqhzvpd3000104l1zw5ckyhs","cmqh1haw30000zcid4vj7i1yj"
"55","Paneer Burger","Fruits & Vegetables","50","50","0","Qty 1","991","VISIBLE (ON)","burgers, burgers, burger, veg-burger, cheese-burger, paneer-burger, veg, restaurant, restaurant","cmqhv2kmm000104ib8qg2hypi","cmqh1haw30000zcid4vj7i1yj"
"56","Paneer Cheeze Burger","Fruits & Vegetables","75","75","0","Qty 1","999","VISIBLE (ON)","burgers, burgers, burger, veg-burger, cheese-burger, paneer-burger, veg, restaurant, restaurant","cmqhv67ku000004jxd0rt6tz2","cmqh1haw30000zcid4vj7i1yj"
"57","Paneer Cheeze Frankie Roll","Fruits & Vegetables","90","90","0","1 Roll","999","VISIBLE (ON)","frankie-rolls, frankie-rolls, frankie rolls, frankie-roll, frankie roll, rolls, roll, kathi roll, kathi-roll, veg, restaurant, restaurant","cmqj7jiiy000204jv9ggxmt64","cmqh1haw30000zcid4vj7i1yj"
"58","Paneer Cheeze Garlic Bread","Fruits & Vegetables","115","115","0","Qty 1 (4 Pcs)","999","VISIBLE (ON)","garlic-bread, garlic-bread, garlic bread, garlic-breads, veg, restaurant, restaurant","cmqhxwyd8000104jxwte0tsvg","cmqh1haw30000zcid4vj7i1yj"
"59","Paneer Cheeze Sandwitch","Fruits & Vegetables","90","90","0","Qty 1","999","VISIBLE (ON)","sandwiches, sandwiches, sandwich, veg, restaurant, restaurant","cmqhvscox000004i88wio37ya","cmqh1haw30000zcid4vj7i1yj"
"60","Paneer Frankie Roll","Fruits & Vegetables","80","80","0","1 Roll","999","VISIBLE (ON)","frankie-rolls, frankie-rolls, frankie rolls, frankie-roll, frankie roll, rolls, roll, kathi roll, kathi-roll, veg, restaurant, restaurant","cmqj7h4vv000104jv1m9nmhvo","cmqh1haw30000zcid4vj7i1yj"
"61","Paneer Fried Momos","Fruits & Vegetables","65","65","0","8 Pcs","999","VISIBLE (ON)","hot-bite, hot-bite, snacks, momos, veg, restaurant, restaurant","cmqi3xox3000104l4gspat3pi","cmqh1haw30000zcid4vj7i1yj"
"62","Paneer Fried Rice","Fruits & Vegetables","105","105","0","1 Plate","999","VISIBLE (ON)","rice-dishes, rice-dishes, rice dishes, rice-dish, rice dish, biryani, pulav, veg, restaurant, restaurant","cmqjdbztr000104jswmqy0lxx","cmqh1haw30000zcid4vj7i1yj"
"63","Paneer Kathi Roll","Fruits & Vegetables","90","90","0","1 Roll","999","VISIBLE (ON)","frankie-rolls, frankie-rolls, frankie rolls, frankie-roll, frankie roll, rolls, roll, kathi roll, kathi-roll, veg, restaurant, restaurant","cmqj7kgcm000304jvmx7w0kma","cmqh1haw30000zcid4vj7i1yj"
"64","Paneer Makhani Pizza","Fruits & Vegetables","149","159","6","Qty 1","999","VISIBLE (ON)","pizza, restaurant","cmqhts7vn000004l1tom75kqk","cmqh1haw30000zcid4vj7i1yj"
"65","Paneer Noodles","Fruits & Vegetables","95","95","0","1 Plate","999","VISIBLE (ON)","chinese, chinese, chinese-cuisine, chinese cuisine, veg, restaurant, restaurant","cmqi21si4000004jubnu2g1cx","cmqh1haw30000zcid4vj7i1yj"
"66","Paneer Sandwitch","Fruits & Vegetables","80","80","0","Qty 1","997","VISIBLE (ON)","sandwiches, sandwiches, sandwich, veg, restaurant, restaurant","cmqhvpaww000204jx72plxjya","cmqh1haw30000zcid4vj7i1yj"
"67","Pizza Sandwitch","Fruits & Vegetables","135","135","0","Qty 1","999","VISIBLE (ON)","sandwiches, sandwiches, sandwich, veg, restaurant, restaurant","cmqhvyb4x000204i8q8a2npdz","cmqh1haw30000zcid4vj7i1yj"
"68","Red Sauce Pasta","Fruits & Vegetables","115","115","0","1 Plate","999","VISIBLE (ON)","italian-pasta, italian-pasta, italian-pastas, italian pasta's, pasta, veg, restaurant, restaurant","cmqiggt09000004l86a1apssj","cmqh1haw30000zcid4vj7i1yj"
"69","Red Velvet ","Ice Cream","29","30","3","Qty 1","99999","VISIBLE (ON)","ice-cream, desserts, as-restaurant, kulfi, cones","cmqhfr6fb000004l5gs8c9bsg","cmqgzqfv70007vkider7h6e4j"
"70","Sezwan Noodles","Fruits & Vegetables","90","90","0","1 Plate","999","VISIBLE (ON)","chinese, chinese, chinese-cuisine, chinese cuisine, veg, restaurant, restaurant","cmqi273r1000004ic6e36qx4z","cmqh1haw30000zcid4vj7i1yj"
"71","Sezwan Rice","Fruits & Vegetables","95","95","0","1 Plate","999","VISIBLE (ON)","rice-dishes, rice-dishes, rice dishes, rice-dish, rice dish, biryani, pulav, veg, restaurant, restaurant","cmqjdjt3i000004jseqdvheia","cmqh1haw30000zcid4vj7i1yj"
"72","Sezwan Sauce Pasta","Fruits & Vegetables","95","95","0","1 Plate","999","VISIBLE (ON)","italian-pasta, italian-pasta, italian-pastas, italian pasta's, pasta, veg, restaurant, restaurant","cmqigfcf4000004ldcqc58t9f","cmqh1haw30000zcid4vj7i1yj"
"73","Shahi Mewa Kulfi","Ice Cream","29","30","3","Qty 1","99996","VISIBLE (ON)","ice-cream, desserts, as-restaurant, kulfi, cones","cmqhfvjgq000104l4jzjyxrur","cmqgzqfv70007vkider7h6e4j"
"74","Shahi Tukda","Ice Cream","97","99","2","250 ml","0 (Sold Out)","HIDDEN (OFF)","ice-cream, desserts, as-restaurant, kulfi, cones","cmqhg9l74000004i9nnt8lhxb","cmqgzqfv70007vkider7h6e4j"
"75","Singapuri Noodles","Fruits & Vegetables","105","105","0","1 Plate","999","VISIBLE (ON)","chinese, chinese, chinese-cuisine, chinese cuisine, veg, restaurant, restaurant","cmqi2l00e000004l1i0tlf3uw","cmqh1haw30000zcid4vj7i1yj"
"76","Singapuri Rice","Fruits & Vegetables","115","115","0","1 Plate","999","VISIBLE (ON)","rice-dishes, rice-dishes, rice dishes, rice-dish, rice dish, biryani, pulav, veg, restaurant, restaurant","cmqjdsq0u000104js445kl6jw","cmqh1haw30000zcid4vj7i1yj"
"77","Special Sandwich","Fruits & Vegetables","100","100","0","Qty 1","999","VISIBLE (ON)","sandwiches, sandwiches, sandwich, veg, restaurant, restaurant","cmqhw38rc000004l4wbswlwzc","cmqh1haw30000zcid4vj7i1yj"
"78","Spicy Veggie Pizza","Fruits & Vegetables","149","159","6","Qty 1","999","VISIBLE (ON)","pizza, restaurant","cmqhtzt1t000004jorbi3qwp4","cmqh1haw30000zcid4vj7i1yj"
"79","Spring Roll","Fruits & Vegetables","50","50","0","1 Plate","996","VISIBLE (ON)","hot-bite, hot-bite, snacks, momos, veg, restaurant, restaurant","cmqi41wcm000004jpiod6g5ko","cmqh1haw30000zcid4vj7i1yj"
"80","Strawberry ","Ice Cream","124","125","1","700 ml","99999","HIDDEN (OFF)","ice-cream, desserts, as-restaurant, kulfi, cones","cmqhg55jp000304l47x2ncvoz","cmqgzqfv70007vkider7h6e4j"
"81","Strawberry Shake","Fruits & Vegetables","85","85","0","300 ml","999","VISIBLE (ON)","shakes, shakes, shake, milkshake, milkshakes, veg, restaurant, restaurant","cmqhzo083000204ic1ujhimgj","cmqh1haw30000zcid4vj7i1yj"
"82","Strawberry Sundae ","Ice Cream","39","40","2","Qty 1","0 (Sold Out)","VISIBLE (ON)","ice-cream, desserts, as-restaurant, kulfi, cones","cmqhfzomx000004l4urg5mgm7","cmqgzqfv70007vkider7h6e4j"
"83","Super Duper Sundae ","Ice Cream","39","40","2","Qty 1","0 (Sold Out)","VISIBLE (ON)","ice-cream, desserts, as-restaurant, kulfi, cones","cmqhfyxnn000104jjkijr9vrp","cmqgzqfv70007vkider7h6e4j"
"84","Sweet Corn Pizza","Fruits & Vegetables","129","139","7","Qty 1","999","VISIBLE (ON)","pizza, restaurant","cmqhtmaqg000004ld19thbri9","cmqh1haw30000zcid4vj7i1yj"
"85","Tandoori Paneer Pizza","Fruits & Vegetables","149","159","6","Qty 1","999","VISIBLE (ON)","pizza, restaurant","cmqhtugvz000004jmp6yuo0xi","cmqh1haw30000zcid4vj7i1yj"
"86","Tomato Pizza","Fruits & Vegetables","109","119","8","Qty 1","999","VISIBLE (ON)","pizza, restaurant","cmqht3pis000004jmml4tir0s","cmqh1haw30000zcid4vj7i1yj"
"87","Trixy Brownie ","Ice Cream","29","30","3","Qty 1","0 (Sold Out)","HIDDEN (OFF)","ice-cream, desserts, as-restaurant, kulfi, cones","cmqhg0k8u000004l4kdo9ugla","cmqgzqfv70007vkider7h6e4j"
"88","Tuti Frutti","Ice Cream","172","175","2","700 ml","99998","HIDDEN (OFF)","ice-cream, desserts, as-restaurant, kulfi, cones","cmqhg5x4m000404l40ial07dy","cmqgzqfv70007vkider7h6e4j"
"89","Vanilla","Ice Cream","99","100","1","700 ml","99999","HIDDEN (OFF)","ice-cream, desserts, as-restaurant, kulfi, cones","cmqhg46kk000204l4en3571ef","cmqgzqfv70007vkider7h6e4j"
"90","Vanilla cup","Ice Cream","19","20","5","","99997","VISIBLE (ON)","ice-cream, desserts, as-restaurant, kulfi, cones","cmrubrdye000004jrq5gxgmkp","cmqgzqfv70007vkider7h6e4j"
"91","Vanilla Shake","Fruits & Vegetables","85","85","0","300 ml","999","VISIBLE (ON)","shakes, shakes, shake, milkshake, milkshakes, veg, restaurant, restaurant","cmqhzlgby000004icf92dj6ua","cmqh1haw30000zcid4vj7i1yj"
"92","Veg Burger","Fruits & Vegetables","40","40","0","Qty 1","997","VISIBLE (ON)","burgers, burgers, burger, veg-burger, cheese-burger, paneer-burger, veg, restaurant, restaurant","cmqhv1hej000004ibh5q6wzgg","cmqh1haw30000zcid4vj7i1yj"
"93","Veg Frankie Roll","Fruits & Vegetables","70","70","0","1 Roll","998","VISIBLE (ON)","frankie-rolls, frankie-rolls, frankie rolls, frankie-roll, frankie roll, rolls, roll, kathi roll, kathi-roll, veg, restaurant, restaurant","cmqj7g0ms000004jvs6xbmk8f","cmqh1haw30000zcid4vj7i1yj"
"94","Veg Fried Momos","Fruits & Vegetables","50","50","0","8 pcs","999","VISIBLE (ON)","hot-bite, hot-bite, snacks, momos, veg, restaurant, restaurant","cmqi3vz1u000004l4spawcpbv","cmqh1haw30000zcid4vj7i1yj"
"95","Veg Fried Rice","Fruits & Vegetables","80","80","0","1 Plate","997","VISIBLE (ON)","rice-dishes, rice-dishes, rice dishes, rice-dish, rice dish, biryani, pulav, veg, restaurant, restaurant","cmqjd9nvb000004jsfg3ewbza","cmqh1haw30000zcid4vj7i1yj"
"96","Veg Masala Sandwitch","Fruits & Vegetables","70","70","0","Qty 1","999","VISIBLE (ON)","sandwiches, sandwiches, sandwich, veg, restaurant, restaurant","cmqhvmm7b000004jxhu7strzq","cmqh1haw30000zcid4vj7i1yj"
"97","Veg Noodles","Fruits & Vegetables","60","60","0","1 Plate","999","VISIBLE (ON)","chinese, chinese, chinese-cuisine, chinese cuisine, veg, restaurant, restaurant","cmqi1tksh000004icq037c12i","cmqh1haw30000zcid4vj7i1yj"
"98","Veg Special Pizza","Fruits & Vegetables","169","179","6","Qty 1","999","VISIBLE (ON)","pizza, restaurant","cmqhuctgp000004joxvh4wa9e","cmqh1haw30000zcid4vj7i1yj"
"99","Veggie Delite Pizza","Fruits & Vegetables","189","199","5","Qty 1","999","VISIBLE (ON)","pizza, restaurant","cmqhuj9qq000004jod1cke6xa","cmqh1haw30000zcid4vj7i1yj"
"100","Veggie Overloaded Pizza","Fruits & Vegetables","165","169","2","Qty 1","999","VISIBLE (ON)","pizza, restaurant","cmqhuaceu000004ju23hbam9a","cmqh1haw30000zcid4vj7i1yj"
"101","Veggie Paneer Pizza","Fruits & Vegetables","189","199","5","Qty 1","999","VISIBLE (ON)","pizza, restaurant","cmqhufwcw000104joyujs402c","cmqh1haw30000zcid4vj7i1yj"
"102","Virgin Mojito","Fruits & Vegetables","80","80","0","300 ml","999","VISIBLE (ON)","mocktails, mocktails, mocktail, coolers, cooler, mojito, veg, restaurant, restaurant","cmqhypc4i000104juf55gz7m2","cmqh1haw30000zcid4vj7i1yj"
"103","Waaah Aam","Ice Cream","29","30","3","Qty 1","0 (Sold Out)","VISIBLE (ON)","ice-cream, desserts, as-restaurant, kulfi, cones","cmqhfpzwg000104kzm5mvvtfb","cmqgzqfv70007vkider7h6e4j"
"104","Watermelon Mojito","Fruits & Vegetables","80","80","0","300 ml","999","VISIBLE (ON)","mocktails, mocktails, mocktail, coolers, cooler, mojito, veg, restaurant, restaurant","cmqhz2aa5000404jufuw5zn2t","cmqh1haw30000zcid4vj7i1yj"
"105","White Sauce Pasta","Fruits & Vegetables","125","125","0","1 Plate","999","VISIBLE (ON)","italian-pasta, italian-pasta, italian-pastas, italian pasta's, pasta, veg, restaurant, restaurant","cmqighzcw000104l85q9krcrq","cmqh1haw30000zcid4vj7i1yj"