"S.No","Product Name","Type / Outlet","Category","Price (₹)","MRP (₹)","Unit","Stock","Status","Tags","Product ID","Restaurant ID"
"1","Aaloo Masala Sandwitch","A.S. Restaurant (as-restaurant)","Fruits & Vegetables","70","70","Qty 1","999","ACTIVE","sandwiches, sandwiches, sandwich, veg, restaurant, restaurant","cmqhvntew000104jx1l1oa4q6","cms2p1lap0000n0id8alldboy"
"2","American cup ","A.S. Restaurant (as-restaurant)","Ice Cream","29","30","","99999","ACTIVE","ice-cream, desserts, as-restaurant, kulfi, cones","cmrubmwbl000304laafxtiuwq","cms2p1lap0000n0id8alldboy"
"3","Badam Pista","A.S. Restaurant (as-restaurant)","Ice Cream","49","50","110 ml","99999","HIDDEN","ice-cream, desserts, as-restaurant, kulfi, cones","cmqhfj4wg000004i9xdzx7pm6","cms2p1lap0000n0id8alldboy"
"4","Belgium Cone","A.S. Restaurant (as-restaurant)","Ice Cream","49","50","110 ml","0","HIDDEN","ice-cream, desserts, as-restaurant, kulfi, cones","cmr11i5l2000204jppwayex91","cms2p1lap0000n0id8alldboy"
"5","Blue Lagoon Mojito","A.S. Restaurant (as-restaurant)","Fruits & Vegetables","80","80","300 ml","999","ACTIVE","mocktails, mocktails, mocktail, coolers, cooler, mojito, veg, restaurant, restaurant","cmqhz0yci000304jufb2qkdmn","cms2p1lap0000n0id8alldboy"
"6","Butter Masala Dosa","A.S. Restaurant (as-restaurant)","Fruits & Vegetables","75","75","1 Plate","999","ACTIVE","south-indian, south-indian, south indian, dosa, veg, restaurant, restaurant","cmqifvqlc000004jshcp8b9s2","cms2p1lap0000n0id8alldboy"
"7","Butter Masala Paneer Dosa","A.S. Restaurant (as-restaurant)","Fruits & Vegetables","90","90","1 Plate","999","ACTIVE","south-indian, south-indian, south indian, dosa, veg, restaurant, restaurant","cmqifxp7m000104js435y9tki","cms2p1lap0000n0id8alldboy"
"8","Butter Paneer Dosa","A.S. Restaurant (as-restaurant)","Fruits & Vegetables","110","110","1 Plate","999","ACTIVE","south-indian, south-indian, south indian, dosa, veg, restaurant, restaurant","cmqifzr6s000204jsul1rpd2c","cms2p1lap0000n0id8alldboy"
"9","Butter Paneer Pav bhaji","A.S. Restaurant (as-restaurant)","Fruits & Vegetables","90","90","1 Plate","999","ACTIVE","pav-bhaji, pav-bhaji, pav bhaji, pavbhaji, veg, restaurant, restaurant","cmqrr3h59000004jybdt8dzx0","cms2p1lap0000n0id8alldboy"
"10","Butter Paper Dosa","A.S. Restaurant (as-restaurant)","Fruits & Vegetables","50","50","1 Plate","999","ACTIVE","south-indian, south-indian, south indian, dosa, veg, restaurant, restaurant","cmqifu59o000j04l461989y9s","cms2p1lap0000n0id8alldboy"
"11","Butter Pavbhaji","A.S. Restaurant (as-restaurant)","Fruits & Vegetables","75","75","1 Plate","998","ACTIVE","pav-bhaji, pav-bhaji, pav bhaji, pavbhaji, veg, restaurant, restaurant","cmqrr1vvz000004ldl3husnlc","cms2p1lap0000n0id8alldboy"
"12","Butterscotch ","A.S. Restaurant (as-restaurant)","Ice Cream","124","125","700 ml","99998","HIDDEN","ice-cream, desserts, as-restaurant, kulfi, cones","cmqhg6i2s000004l5rre98dd1","cms2p1lap0000n0id8alldboy"
"13","Butterscotch Cone ","A.S. Restaurant (as-restaurant)","Ice Cream","20","20","","42","ACTIVE","ice-cream, desserts, as-restaurant, kulfi, cones","cmsfrg5b5000e04l1yyvl0o33","cms2p1lap0000n0id8alldboy"
"14","Butterscotch Shake","A.S. Restaurant (as-restaurant)","Fruits & Vegetables","85","85","300 ml","999","ACTIVE","shakes, shakes, shake, milkshake, milkshakes, veg, restaurant, restaurant","cmqhzmodz000104icef59dlgf","cms2p1lap0000n0id8alldboy"
"15","Capsicum Pizza","A.S. Restaurant (as-restaurant)","Fruits & Vegetables","109","119","Qty 1","998","ACTIVE","pizza, restaurant","cmqht67tu000104jmsqnu8acz","cms2p1lap0000n0id8alldboy"
"16","Casata","A.S. Restaurant (as-restaurant)","Ice Cream","49","50","Qty 1","0","HIDDEN","ice-cream, desserts, as-restaurant, kulfi, cones","cmqhg1ons000104l4fz9uv424","cms2p1lap0000n0id8alldboy"
"17","Chappan Bhog","A.S. Restaurant (as-restaurant)","Ice Cream","149","160","700 ml","0","HIDDEN","ice-cream, desserts, as-restaurant, kulfi, cones","cmqvux86n000404icvt0duoax","cms2p1lap0000n0id8alldboy"
"18","Cheeze Baking Pasta","A.S. Restaurant (as-restaurant)","Fruits & Vegetables","135","135","1 Plate","999","ACTIVE","italian-pasta, italian-pasta, italian-pastas, italian pasta's, pasta, veg, restaurant, restaurant","cmqigj0ck000204l88l6148ni","cms2p1lap0000n0id8alldboy"
"19","Cheeze Burger","A.S. Restaurant (as-restaurant)","Fruits & Vegetables","65","65","Qty 1","999","ACTIVE","burgers, burgers, burger, veg-burger, cheese-burger, paneer-burger, veg, restaurant, restaurant","cmqhv443d000204ib5occu1ux","cms2p1lap0000n0id8alldboy"
"20","Cheeze Frankie Roll","A.S. Restaurant (as-restaurant)","Fruits & Vegetables","85","85","1 Roll","999","ACTIVE","frankie-rolls, frankie-rolls, frankie rolls, frankie-roll, frankie roll, rolls, roll, kathi roll, kathi-roll, veg, restaurant, restaurant","cmqj7ilwq000004l520l9p1a0","cms2p1lap0000n0id8alldboy"
"21","Cheeze Garlic Bread","A.S. Restaurant (as-restaurant)","Fruits & Vegetables","95","95","Qty 1 ( 4 pcs)","999","ACTIVE","garlic-bread, garlic-bread, garlic bread, garlic-breads, veg, restaurant, restaurant","cmqhxu43w000004l8suhk40k1","cms2p1lap0000n0id8alldboy"
"22","Cheeze Sandwitch","A.S. Restaurant (as-restaurant)","Fruits & Vegetables","85","85","Qty 1","999","ACTIVE","sandwiches, sandwiches, sandwich, veg, restaurant, restaurant","cmqhvqqji000304jx0gvc4fu1","cms2p1lap0000n0id8alldboy"
"23","Cheezy Paneer Pizza","A.S. Restaurant (as-restaurant)","Fruits & Vegetables","129","139","Qty 1","998","ACTIVE","pizza, restaurant","cmqhthroi000004jm7qs4w6yg","cms2p1lap0000n0id8alldboy"
"24","Chili Garlic Noodles","A.S. Restaurant (as-restaurant)","Fruits & Vegetables","95","95","1 Plate","997","ACTIVE","chinese, chinese, chinese-cuisine, chinese cuisine, veg, restaurant, restaurant","cmqi29esq000104jul11c2g04","cms2p1lap0000n0id8alldboy"
"25","Chili Garlic Rice","A.S. Restaurant (as-restaurant)","Fruits & Vegetables","95","95","1 Plate","999","ACTIVE","rice-dishes, rice-dishes, rice dishes, rice-dish, rice dish, biryani, pulav, veg, restaurant, restaurant","cmqjdrdpt000004jsmk69y8tb","cms2p1lap0000n0id8alldboy"
"26","Chili Paneer","A.S. Restaurant (as-restaurant)","Fruits & Vegetables","145","145","1 Plate","999","ACTIVE","chinese, chinese, chinese-cuisine, chinese cuisine, veg, restaurant, restaurant","cmqi33m21000004jj1jm44pjh","cms2p1lap0000n0id8alldboy"
"27","Chili Potato","A.S. Restaurant (as-restaurant)","Fruits & Vegetables","95","95","1 Plate","996","ACTIVE","chinese, chinese, chinese-cuisine, chinese cuisine, veg, restaurant, restaurant","cmqi2saaw000004l79ak7g2sr","cms2p1lap0000n0id8alldboy"
"28","Choclate","A.S. Restaurant (as-restaurant)","Ice Cream","149","160","700 ml","99999","ACTIVE","ice-cream, desserts, as-restaurant, kulfi, cones","cmqvuusry000204ic8kxg6tb7","cms2p1lap0000n0id8alldboy"
"29","Choco Brownie Sundae ","A.S. Restaurant (as-restaurant)","Ice Cream","49","50","Qty 1","99995","ACTIVE","ice-cream, as-restaurant","cmqhfy8vg000004jji9091jk7","cms2p1lap0000n0id8alldboy"
"30","Choco Delight","A.S. Restaurant (as-restaurant)","Fruits & Vegetables","85","85","300 ml","999","ACTIVE","cold-coffee, cold-coffee, cold coffee, iced coffee, iced-coffee, coldcoffee, shake, shakes, veg, restaurant, restaurant","cmqhzjf0x000004l13sdhh9ws","cms2p1lap0000n0id8alldboy"
"31","Choco Surprise ","A.S. Restaurant (as-restaurant)","Ice Cream","40","40","","99999","ACTIVE","ice-cream, desserts, as-restaurant, kulfi, cones","cmr11hgh0000104jpgkcfbgk0","cms2p1lap0000n0id8alldboy"
"32","Chocolate Shake","A.S. Restaurant (as-restaurant)","Fruits & Vegetables","90","90","300 ml","999","ACTIVE","shakes, shakes, shake, milkshake, milkshakes, veg, restaurant, restaurant","cmqhztm5k000004jud47mx8o0","cms2p1lap0000n0id8alldboy"
"33","Classic Cold Coffee","A.S. Restaurant (as-restaurant)","Fruits & Vegetables","60","60","300ml","990","ACTIVE","shakes, shakes, shake, milkshake, milkshakes, veg, restaurant, restaurant","cmqhykgmz000004jucm99q59h","cms2p1lap0000n0id8alldboy"
"34","Cookie Chips","A.S. Restaurant (as-restaurant)","Ice Cream","39","40","110 ml","0","HIDDEN","ice-cream, desserts, as-restaurant, kulfi, cones","cmqhfoca3000004kzzeo89uce","cms2p1lap0000n0id8alldboy"
"35","Corn Cheeze Burger","A.S. Restaurant (as-restaurant)","Fruits & Vegetables","80","80","Qty 1","999","ACTIVE","burgers, burgers, burger, veg-burger, cheese-burger, paneer-burger, veg, restaurant, restaurant","cmqhv7a50000104jxa8x5anbw","cms2p1lap0000n0id8alldboy"
"36","Corn Cheeze Garlic Bread","A.S. Restaurant (as-restaurant)","Fruits & Vegetables","105","105","Qty 1 (4 Pcs)","999","ACTIVE","garlic-bread, garlic-bread, garlic bread, garlic-breads, veg, restaurant, restaurant","cmqhxvnfr000004jxq2npqa3s","cms2p1lap0000n0id8alldboy"
"37","Corn Cheeze Sandwitch","A.S. Restaurant (as-restaurant)","Fruits & Vegetables","90","90","Qty 1","999","ACTIVE","sandwiches, sandwiches, sandwich, veg, restaurant, restaurant","cmqhvw0f8000104i8i4549ujo","cms2p1lap0000n0id8alldboy"
"38","Desi Style Pizza","A.S. Restaurant (as-restaurant)","Fruits & Vegetables","129","139","Qty 1","999","ACTIVE","pizza, restaurant","cmqhtemk7000004i6oc8bc5ee","cms2p1lap0000n0id8alldboy"
"39","Extra Pav","A.S. Restaurant (as-restaurant)","Fruits & Vegetables","25","39","1 Pav ( 3Pcs)","999","ACTIVE","pav-bhaji, restaurant","cmqrr4sb4000104jy5bossral","cms2p1lap0000n0id8alldboy"
"40","French Fries/ Finger","A.S. Restaurant (as-restaurant)","Fruits & Vegetables","50","50","1 Plate","997","ACTIVE","hot-bite, hot-bite, snacks, momos, veg, restaurant, restaurant","cmqi40nph000204l4doqm7pvl","cms2p1lap0000n0id8alldboy"
"41","Green Apple Mojito","A.S. Restaurant (as-restaurant)","Fruits & Vegetables","80","80","300 ml","999","ACTIVE","mocktails, mocktails, mocktail, coolers, cooler, mojito, veg, restaurant, restaurant","cmqhz56ri000004juemwv5bqn","cms2p1lap0000n0id8alldboy"
"42","Green Mint Mojito","A.S. Restaurant (as-restaurant)","Fruits & Vegetables","80","80","300 ml","999","ACTIVE","mocktails, mocktails, mocktail, coolers, cooler, mojito, veg, restaurant, restaurant","cmqhyzera000204juu848lxrz","cms2p1lap0000n0id8alldboy"
"43","Hakka Noodles","A.S. Restaurant (as-restaurant)","Fruits & Vegetables","85","85","1 Plate","999","ACTIVE","chinese, chinese, chinese-cuisine, chinese cuisine, veg, restaurant, restaurant","cmqi1vyf3000004l8lf96p8qt","cms2p1lap0000n0id8alldboy"
"44","Italian Pizza","A.S. Restaurant (as-restaurant)","Fruits & Vegetables","129","139","Qty 1","999","ACTIVE","pizza, restaurant","cmqhtp68g000004i6zpv2x2vs","cms2p1lap0000n0id8alldboy"
"45","Kruchy Twist","A.S. Restaurant (as-restaurant)","Ice Cream","29","30","","99995","ACTIVE","ice-cream, desserts, as-restaurant, kulfi, cones","cmqvta0yb000104ic3hvrzjni","cms2p1lap0000n0id8alldboy"
"46","Manchurian","A.S. Restaurant (as-restaurant)","Fruits & Vegetables","95","95","1 Plate","999","ACTIVE","chinese, chinese, chinese-cuisine, chinese cuisine, veg, restaurant, restaurant","cmqi2xyx5000004jj44kl54wt","cms2p1lap0000n0id8alldboy"
"47","Margherita Pizza","A.S. Restaurant (as-restaurant)","Fruits & Vegetables","99","109","Qty 1","999","ACTIVE","pizza, restaurant","cmqhr6jb4000004kyqmmyp7vt","cms2p1lap0000n0id8alldboy"
"48","Matka Kulfi","A.S. Restaurant (as-restaurant)","Ice Cream","59","60","Qty 1","99996","ACTIVE","ice-cream, desserts, as-restaurant, kulfi, cones","cmqhfxac2000204l4ncrzkkq4","cms2p1lap0000n0id8alldboy"
"49","MaxYum Almond ","A.S. Restaurant (as-restaurant)","Ice Cream","49","50","Qty 1","99999","ACTIVE","ice-cream, desserts, as-restaurant, kulfi, cones","cmqhfu37r000004l4u8tx2von","cms2p1lap0000n0id8alldboy"
"50","Mix Sauce Pasta","A.S. Restaurant (as-restaurant)","Fruits & Vegetables","125","125","1 Plate","999","ACTIVE","italian-pasta, italian-pasta, italian-pastas, italian pasta's, pasta, veg, restaurant, restaurant","cmqigtmrg000004l11nz6jo3v","cms2p1lap0000n0id8alldboy"
"51","Mix Veg Garlic Bread","A.S. Restaurant (as-restaurant)","Fruits & Vegetables","110","110","Qty 1 (4 Pcs)","999","ACTIVE","garlic-bread, garlic-bread, garlic bread, garlic-breads, veg, restaurant, restaurant","cmqhxy8rt000204jxepz12vcs","cms2p1lap0000n0id8alldboy"
"52","Namaste India Choclate Cookies","A.S. Restaurant (as-restaurant)","Ice Cream","40","40","6","5","ACTIVE","ice-cream, desserts, as-restaurant","cmseypfxd000804laak2p1cgx","cms2p1lap0000n0id8alldboy"
"53","Onion Pizza","A.S. Restaurant (as-restaurant)","Fruits & Vegetables","109","119","Qty 1","999","ACTIVE","pizza, restaurant","cmqhrugyu000004i98zvpckjq","cms2p1lap0000n0id8alldboy"
"54","Oreo Chocolate Shake","A.S. Restaurant (as-restaurant)","Fruits & Vegetables","100","100","300 ml","999","ACTIVE","shakes, shakes, shake, milkshake, milkshakes, veg, restaurant, restaurant","cmqhzvpd3000104l1zw5ckyhs","cms2p1lap0000n0id8alldboy"
"55","Paneer Burger","A.S. Restaurant (as-restaurant)","Fruits & Vegetables","50","50","Qty 1","991","ACTIVE","burgers, burgers, burger, veg-burger, cheese-burger, paneer-burger, veg, restaurant, restaurant","cmqhv2kmm000104ib8qg2hypi","cms2p1lap0000n0id8alldboy"
"56","Paneer Cheeze Burger","A.S. Restaurant (as-restaurant)","Fruits & Vegetables","75","75","Qty 1","999","ACTIVE","burgers, burgers, burger, veg-burger, cheese-burger, paneer-burger, veg, restaurant, restaurant","cmqhv67ku000004jxd0rt6tz2","cms2p1lap0000n0id8alldboy"
"57","Paneer Cheeze Frankie Roll","A.S. Restaurant (as-restaurant)","Fruits & Vegetables","90","90","1 Roll","999","ACTIVE","frankie-rolls, frankie-rolls, frankie rolls, frankie-roll, frankie roll, rolls, roll, kathi roll, kathi-roll, veg, restaurant, restaurant","cmqj7jiiy000204jv9ggxmt64","cms2p1lap0000n0id8alldboy"
"58","Paneer Cheeze Garlic Bread","A.S. Restaurant (as-restaurant)","Fruits & Vegetables","115","115","Qty 1 (4 Pcs)","999","ACTIVE","garlic-bread, garlic-bread, garlic bread, garlic-breads, veg, restaurant, restaurant","cmqhxwyd8000104jxwte0tsvg","cms2p1lap0000n0id8alldboy"
"59","Paneer Cheeze Sandwitch","A.S. Restaurant (as-restaurant)","Fruits & Vegetables","90","90","Qty 1","999","ACTIVE","sandwiches, sandwiches, sandwich, veg, restaurant, restaurant","cmqhvscox000004i88wio37ya","cms2p1lap0000n0id8alldboy"
"60","Paneer Frankie Roll","A.S. Restaurant (as-restaurant)","Fruits & Vegetables","80","80","1 Roll","999","ACTIVE","frankie-rolls, frankie-rolls, frankie rolls, frankie-roll, frankie roll, rolls, roll, kathi roll, kathi-roll, veg, restaurant, restaurant","cmqj7h4vv000104jv1m9nmhvo","cms2p1lap0000n0id8alldboy"
"61","Paneer Fried Momos","A.S. Restaurant (as-restaurant)","Fruits & Vegetables","65","65","8 Pcs","999","ACTIVE","hot-bite, hot-bite, snacks, momos, veg, restaurant, restaurant","cmqi3xox3000104l4gspat3pi","cms2p1lap0000n0id8alldboy"
"62","Paneer Fried Rice","A.S. Restaurant (as-restaurant)","Fruits & Vegetables","105","105","1 Plate","999","ACTIVE","rice-dishes, rice-dishes, rice dishes, rice-dish, rice dish, biryani, pulav, veg, restaurant, restaurant","cmqjdbztr000104jswmqy0lxx","cms2p1lap0000n0id8alldboy"
"63","Paneer Kathi Roll","A.S. Restaurant (as-restaurant)","Fruits & Vegetables","90","90","1 Roll","999","ACTIVE","frankie-rolls, frankie-rolls, frankie rolls, frankie-roll, frankie roll, rolls, roll, kathi roll, kathi-roll, veg, restaurant, restaurant","cmqj7kgcm000304jvmx7w0kma","cms2p1lap0000n0id8alldboy"
"64","Paneer Makhani Pizza","A.S. Restaurant (as-restaurant)","Fruits & Vegetables","149","159","Qty 1","999","ACTIVE","pizza, restaurant","cmqhts7vn000004l1tom75kqk","cms2p1lap0000n0id8alldboy"
"65","Paneer Noodles","A.S. Restaurant (as-restaurant)","Fruits & Vegetables","95","95","1 Plate","999","ACTIVE","chinese, chinese, chinese-cuisine, chinese cuisine, veg, restaurant, restaurant","cmqi21si4000004jubnu2g1cx","cms2p1lap0000n0id8alldboy"
"66","Paneer Sandwitch","A.S. Restaurant (as-restaurant)","Fruits & Vegetables","80","80","Qty 1","997","ACTIVE","sandwiches, sandwiches, sandwich, veg, restaurant, restaurant","cmqhvpaww000204jx72plxjya","cms2p1lap0000n0id8alldboy"
"67","Pizza Sandwitch","A.S. Restaurant (as-restaurant)","Fruits & Vegetables","135","135","Qty 1","999","ACTIVE","sandwiches, sandwiches, sandwich, veg, restaurant, restaurant","cmqhvyb4x000204i8q8a2npdz","cms2p1lap0000n0id8alldboy"
"68","Red Sauce Pasta","A.S. Restaurant (as-restaurant)","Fruits & Vegetables","115","115","1 Plate","999","ACTIVE","italian-pasta, italian-pasta, italian-pastas, italian pasta's, pasta, veg, restaurant, restaurant","cmqiggt09000004l86a1apssj","cms2p1lap0000n0id8alldboy"
"69","Red Velvet ","A.S. Restaurant (as-restaurant)","Ice Cream","29","30","Qty 1","99999","ACTIVE","ice-cream, desserts, as-restaurant, kulfi, cones","cmqhfr6fb000004l5gs8c9bsg","cms2p1lap0000n0id8alldboy"
"70","Sezwan Noodles","A.S. Restaurant (as-restaurant)","Fruits & Vegetables","90","90","1 Plate","999","ACTIVE","chinese, chinese, chinese-cuisine, chinese cuisine, veg, restaurant, restaurant","cmqi273r1000004ic6e36qx4z","cms2p1lap0000n0id8alldboy"
"71","Sezwan Rice","A.S. Restaurant (as-restaurant)","Fruits & Vegetables","95","95","1 Plate","999","ACTIVE","rice-dishes, rice-dishes, rice dishes, rice-dish, rice dish, biryani, pulav, veg, restaurant, restaurant","cmqjdjt3i000004jseqdvheia","cms2p1lap0000n0id8alldboy"
"72","Sezwan Sauce Pasta","A.S. Restaurant (as-restaurant)","Fruits & Vegetables","95","95","1 Plate","999","ACTIVE","italian-pasta, italian-pasta, italian-pastas, italian pasta's, pasta, veg, restaurant, restaurant","cmqigfcf4000004ldcqc58t9f","cms2p1lap0000n0id8alldboy"
"73","Shahi Mewa Kulfi","A.S. Restaurant (as-restaurant)","Ice Cream","29","30","Qty 1","99996","ACTIVE","ice-cream, desserts, as-restaurant, kulfi, cones","cmqhfvjgq000104l4jzjyxrur","cms2p1lap0000n0id8alldboy"
"74","Shahi Tukda","A.S. Restaurant (as-restaurant)","Ice Cream","97","99","250 ml","0","HIDDEN","ice-cream, desserts, as-restaurant, kulfi, cones","cmqhg9l74000004i9nnt8lhxb","cms2p1lap0000n0id8alldboy"
"75","Singapuri Noodles","A.S. Restaurant (as-restaurant)","Fruits & Vegetables","105","105","1 Plate","999","ACTIVE","chinese, chinese, chinese-cuisine, chinese cuisine, veg, restaurant, restaurant","cmqi2l00e000004l1i0tlf3uw","cms2p1lap0000n0id8alldboy"
"76","Singapuri Rice","A.S. Restaurant (as-restaurant)","Fruits & Vegetables","115","115","1 Plate","999","ACTIVE","rice-dishes, rice-dishes, rice dishes, rice-dish, rice dish, biryani, pulav, veg, restaurant, restaurant","cmqjdsq0u000104js445kl6jw","cms2p1lap0000n0id8alldboy"
"77","Special Sandwich","A.S. Restaurant (as-restaurant)","Fruits & Vegetables","100","100","Qty 1","999","ACTIVE","sandwiches, sandwiches, sandwich, veg, restaurant, restaurant","cmqhw38rc000004l4wbswlwzc","cms2p1lap0000n0id8alldboy"
"78","Spicy Veggie Pizza","A.S. Restaurant (as-restaurant)","Fruits & Vegetables","149","159","Qty 1","999","ACTIVE","pizza, restaurant","cmqhtzt1t000004jorbi3qwp4","cms2p1lap0000n0id8alldboy"
"79","Spring Roll","A.S. Restaurant (as-restaurant)","Fruits & Vegetables","50","50","1 Plate","996","ACTIVE","hot-bite, hot-bite, snacks, momos, veg, restaurant, restaurant","cmqi41wcm000004jpiod6g5ko","cms2p1lap0000n0id8alldboy"
"80","Strawberry ","A.S. Restaurant (as-restaurant)","Ice Cream","124","125","700 ml","99999","HIDDEN","ice-cream, desserts, as-restaurant, kulfi, cones","cmqhg55jp000304l47x2ncvoz","cms2p1lap0000n0id8alldboy"
"81","Strawberry Shake","A.S. Restaurant (as-restaurant)","Fruits & Vegetables","85","85","300 ml","999","ACTIVE","shakes, shakes, shake, milkshake, milkshakes, veg, restaurant, restaurant","cmqhzo083000204ic1ujhimgj","cms2p1lap0000n0id8alldboy"
"82","Strawberry Sundae ","A.S. Restaurant (as-restaurant)","Ice Cream","39","40","Qty 1","0","ACTIVE","ice-cream, desserts, as-restaurant, kulfi, cones","cmqhfzomx000004l4urg5mgm7","cms2p1lap0000n0id8alldboy"
"83","Super Duper Sundae ","A.S. Restaurant (as-restaurant)","Ice Cream","39","40","Qty 1","0","ACTIVE","ice-cream, desserts, as-restaurant, kulfi, cones","cmqhfyxnn000104jjkijr9vrp","cms2p1lap0000n0id8alldboy"
"84","Sweet Corn Pizza","A.S. Restaurant (as-restaurant)","Fruits & Vegetables","129","139","Qty 1","999","ACTIVE","pizza, restaurant","cmqhtmaqg000004ld19thbri9","cms2p1lap0000n0id8alldboy"
"85","Tandoori Paneer Pizza","A.S. Restaurant (as-restaurant)","Fruits & Vegetables","149","159","Qty 1","999","ACTIVE","pizza, restaurant","cmqhtugvz000004jmp6yuo0xi","cms2p1lap0000n0id8alldboy"
"86","Tomato Pizza","A.S. Restaurant (as-restaurant)","Fruits & Vegetables","109","119","Qty 1","999","ACTIVE","pizza, restaurant","cmqht3pis000004jmml4tir0s","cms2p1lap0000n0id8alldboy"
"87","Trixy Brownie ","A.S. Restaurant (as-restaurant)","Ice Cream","29","30","Qty 1","0","HIDDEN","ice-cream, desserts, as-restaurant, kulfi, cones","cmqhg0k8u000004l4kdo9ugla","cms2p1lap0000n0id8alldboy"
"88","Tuti Frutti","A.S. Restaurant (as-restaurant)","Ice Cream","172","175","700 ml","99998","HIDDEN","ice-cream, desserts, as-restaurant, kulfi, cones","cmqhg5x4m000404l40ial07dy","cms2p1lap0000n0id8alldboy"
"89","Vanilla","A.S. Restaurant (as-restaurant)","Ice Cream","99","100","700 ml","99999","HIDDEN","ice-cream, desserts, as-restaurant, kulfi, cones","cmqhg46kk000204l4en3571ef","cms2p1lap0000n0id8alldboy"
"90","Vanilla cup","A.S. Restaurant (as-restaurant)","Ice Cream","19","20","","99997","ACTIVE","ice-cream, desserts, as-restaurant, kulfi, cones","cmrubrdye000004jrq5gxgmkp","cms2p1lap0000n0id8alldboy"
"91","Vanilla Shake","A.S. Restaurant (as-restaurant)","Fruits & Vegetables","85","85","300 ml","999","ACTIVE","shakes, shakes, shake, milkshake, milkshakes, veg, restaurant, restaurant","cmqhzlgby000004icf92dj6ua","cms2p1lap0000n0id8alldboy"
"92","Veg Burger","A.S. Restaurant (as-restaurant)","Fruits & Vegetables","40","40","Qty 1","997","ACTIVE","burgers, burgers, burger, veg-burger, cheese-burger, paneer-burger, veg, restaurant, restaurant","cmqhv1hej000004ibh5q6wzgg","cms2p1lap0000n0id8alldboy"
"93","Veg Frankie Roll","A.S. Restaurant (as-restaurant)","Fruits & Vegetables","70","70","1 Roll","998","ACTIVE","frankie-rolls, frankie-rolls, frankie rolls, frankie-roll, frankie roll, rolls, roll, kathi roll, kathi-roll, veg, restaurant, restaurant","cmqj7g0ms000004jvs6xbmk8f","cms2p1lap0000n0id8alldboy"
"94","Veg Fried Momos","A.S. Restaurant (as-restaurant)","Fruits & Vegetables","50","50","8 pcs","999","ACTIVE","hot-bite, hot-bite, snacks, momos, veg, restaurant, restaurant","cmqi3vz1u000004l4spawcpbv","cms2p1lap0000n0id8alldboy"
"95","Veg Fried Rice","A.S. Restaurant (as-restaurant)","Fruits & Vegetables","80","80","1 Plate","997","ACTIVE","rice-dishes, rice-dishes, rice dishes, rice-dish, rice dish, biryani, pulav, veg, restaurant, restaurant","cmqjd9nvb000004jsfg3ewbza","cms2p1lap0000n0id8alldboy"
"96","Veg Masala Sandwitch","A.S. Restaurant (as-restaurant)","Fruits & Vegetables","70","70","Qty 1","999","ACTIVE","sandwiches, sandwiches, sandwich, veg, restaurant, restaurant","cmqhvmm7b000004jxhu7strzq","cms2p1lap0000n0id8alldboy"
"97","Veg Noodles","A.S. Restaurant (as-restaurant)","Fruits & Vegetables","60","60","1 Plate","999","ACTIVE","chinese, chinese, chinese-cuisine, chinese cuisine, veg, restaurant, restaurant","cmqi1tksh000004icq037c12i","cms2p1lap0000n0id8alldboy"
"98","Veg Special Pizza","A.S. Restaurant (as-restaurant)","Fruits & Vegetables","169","179","Qty 1","999","ACTIVE","pizza, restaurant","cmqhuctgp000004joxvh4wa9e","cms2p1lap0000n0id8alldboy"
"99","Veggie Delite Pizza","A.S. Restaurant (as-restaurant)","Fruits & Vegetables","189","199","Qty 1","999","ACTIVE","pizza, restaurant","cmqhuj9qq000004jod1cke6xa","cms2p1lap0000n0id8alldboy"
"100","Veggie Overloaded Pizza","A.S. Restaurant (as-restaurant)","Fruits & Vegetables","165","169","Qty 1","999","ACTIVE","pizza, restaurant","cmqhuaceu000004ju23hbam9a","cms2p1lap0000n0id8alldboy"
"101","Veggie Paneer Pizza","A.S. Restaurant (as-restaurant)","Fruits & Vegetables","189","199","Qty 1","999","ACTIVE","pizza, restaurant","cmqhufwcw000104joyujs402c","cms2p1lap0000n0id8alldboy"
"102","Virgin Mojito","A.S. Restaurant (as-restaurant)","Fruits & Vegetables","80","80","300 ml","999","ACTIVE","mocktails, mocktails, mocktail, coolers, cooler, mojito, veg, restaurant, restaurant","cmqhypc4i000104juf55gz7m2","cms2p1lap0000n0id8alldboy"
"103","Waaah Aam","A.S. Restaurant (as-restaurant)","Ice Cream","29","30","Qty 1","0","ACTIVE","ice-cream, desserts, as-restaurant, kulfi, cones","cmqhfpzwg000104kzm5mvvtfb","cms2p1lap0000n0id8alldboy"
"104","Watermelon Mojito","A.S. Restaurant (as-restaurant)","Fruits & Vegetables","80","80","300 ml","999","ACTIVE","mocktails, mocktails, mocktail, coolers, cooler, mojito, veg, restaurant, restaurant","cmqhz2aa5000404jufuw5zn2t","cms2p1lap0000n0id8alldboy"
"105","White Sauce Pasta","A.S. Restaurant (as-restaurant)","Fruits & Vegetables","125","125","1 Plate","999","ACTIVE","italian-pasta, italian-pasta, italian-pastas, italian pasta's, pasta, veg, restaurant, restaurant","cmqighzcw000104l85q9krcrq","cms2p1lap0000n0id8alldboy"
"106","Afghani Paneer Tikka","Wedson Restaurant (wedson-restaurant)","Fruits & Vegetables","269","269","","999","ACTIVE","restaurant, tandoori-nawab-nawab","cmrmyymkv000304jptvgw7yjq","cms2p1lyx0001n0idod904lfu"
"107","Aloo Paratha (2 Pc)","Wedson Restaurant (wedson-restaurant)","Fruits & Vegetables","99","99","","999","HIDDEN","restaurant, breakfast","cmrlvq7th000204jr4pmfpbbd","cms2p1lyx0001n0idod904lfu"
"108","Aloo Paratha with Curd","Wedson Restaurant (wedson-restaurant)","Fruits & Vegetables","139","139","","999","HIDDEN","restaurant, breakfast","cmrlvtp5x000104l7wz43zkxl","cms2p1lyx0001n0idod904lfu"
"109","Bread Omlette ","Wedson Restaurant (wedson-restaurant)","Fruits & Vegetables","99","99","","999","HIDDEN","restaurant, breakfast","cmrlwb6au000004l77w8i6gzs","cms2p1lyx0001n0idod904lfu"
"110","Butter Naan","Wedson Restaurant (wedson-restaurant)","Fruits & Vegetables","40","40","1 Naan","999","ACTIVE","restaurant, roti-naan-kulcha","cmrm16cex000104jzrdd5ak3o","cms2p1lyx0001n0idod904lfu"
"111","Butter scotch Shake","Wedson Restaurant (wedson-restaurant)","Fruits & Vegetables","119","119","","999","ACTIVE","shake, restaurant","cmrss4lo7000304jxv5rckk78","cms2p1lyx0001n0idod904lfu"
"112","Capsicum Tomato Onion Pizza ","Wedson Restaurant (wedson-restaurant)","Fruits & Vegetables","199","199","","999","ACTIVE","restaurant, pizza","cmrt07a4f000104jpynr4oqs9","cms2p1lyx0001n0idod904lfu"
"113","Cheese Burger","Wedson Restaurant (wedson-restaurant)","Fruits & Vegetables","79","79","","999","ACTIVE","burger, restaurant","cmrt3tslm000504jp5to4241z","cms2p1lyx0001n0idod904lfu"
"114","Cheese Chigar Roll","Wedson Restaurant (wedson-restaurant)","Fruits & Vegetables","199","199","","999","ACTIVE","restaurant, starter","cmrswq0qj000004lbowxwc4lg","cms2p1lyx0001n0idod904lfu"
"115","Chilli Garlic Naan","Wedson Restaurant (wedson-restaurant)","Fruits & Vegetables","69","69","1 Naan","999","ACTIVE","restaurant, roti-naan-kulcha","cmrm186ze000004l7yr23turt","cms2p1lyx0001n0idod904lfu"
"116","Choclate Shake","Wedson Restaurant (wedson-restaurant)","Fruits & Vegetables","113","119","","999","ACTIVE","desserts, shake, shakes, ice-cream","cmrsrjxhp000204ktwuv4eqxx","cms2p1lyx0001n0idod904lfu"
"117","Chola Kulcha ( 2 Pc)","Wedson Restaurant (wedson-restaurant)","Fruits & Vegetables","149","149","","999","HIDDEN","restaurant, breakfast","cmrluzvl1000104l6e65kbwvs","cms2p1lyx0001n0idod904lfu"
"118","Chole Bhature (2Pc)","Wedson Restaurant (wedson-restaurant)","Fruits & Vegetables","129","129","","999","HIDDEN","restaurant, breakfast","cmrluylaw000004l6vf9rhjgc","cms2p1lyx0001n0idod904lfu"
"119","Corn Cheese Ball","Wedson Restaurant (wedson-restaurant)","Fruits & Vegetables","149","149","","999","ACTIVE","restaurant, starter","cmrsxo4uk000404l9roou2ogp","cms2p1lyx0001n0idod904lfu"
"120","Corn Cheese Pizza","Wedson Restaurant (wedson-restaurant)","Fruits & Vegetables","199","199","","999","ACTIVE","pizza, restaurant","cmrt08rum000204jpj1zgzdu6","cms2p1lyx0001n0idod904lfu"
"121","Dahi ke Kebab","Wedson Restaurant (wedson-restaurant)","Fruits & Vegetables","199","199","","999","ACTIVE","restaurant, special-starters","cmru4tsz7000c04jovcpga6h3","cms2p1lyx0001n0idod904lfu"
"122","Dal Fry","Wedson Restaurant (wedson-restaurant)","Fruits & Vegetables","139","139","","998","ACTIVE","restaurant, dal","cmrmgwve5000104lexwyi9zib","cms2p1lyx0001n0idod904lfu"
"123","Dal Jeera Se","Wedson Restaurant (wedson-restaurant)","Fruits & Vegetables","149","149","","999","ACTIVE","dal, restaurant","cmrmh8a1c000004l182ri9eo8","cms2p1lyx0001n0idod904lfu"
"124","Dal Makhani","Wedson Restaurant (wedson-restaurant)","Fruits & Vegetables","219","219","","999","ACTIVE","restaurant, dal","cmrmgyxvq000204jspcd2gq1i","cms2p1lyx0001n0idod904lfu"
"125","Dal tadka","Wedson Restaurant (wedson-restaurant)","Fruits & Vegetables","169","169","","999","ACTIVE","restaurant, dal","cmrmgxs81000104jssg6x3tdb","cms2p1lyx0001n0idod904lfu"
"126","Double Tikki Burger ","Wedson Restaurant (wedson-restaurant)","Fruits & Vegetables","89","89","","999","ACTIVE","burger, restaurant","cmrt3sf7u000204jpvz39vqv7","cms2p1lyx0001n0idod904lfu"
"127","Garlic Naan","Wedson Restaurant (wedson-restaurant)","Fruits & Vegetables","59","59","1 Naan","999","ACTIVE","restaurant, roti-naan-kulcha","cmrm178zr000204jzhwyifbf4","cms2p1lyx0001n0idod904lfu"
"128","Hakka Noodles","Wedson Restaurant (wedson-restaurant)","Fruits & Vegetables","159","159","","999","ACTIVE","restaurant, special-starters","cmrz8g1uk000g04l7jjp3mmy6","cms2p1lyx0001n0idod904lfu"
"129","Handi Paneer","Wedson Restaurant (wedson-restaurant)","Fruits & Vegetables","299","299","","999","ACTIVE","restaurant, main-course","cmrlmq9ia000904l58smri8vt","cms2p1lyx0001n0idod904lfu"
"130","Hariyali Paneer Tikka","Wedson Restaurant (wedson-restaurant)","Fruits & Vegetables","219","219","","999","ACTIVE","special-starters, restaurant","cmru4yl1q000304i8zehivp8a","cms2p1lyx0001n0idod904lfu"
"131","Hydrabadi Handi Biryani ","Wedson Restaurant (wedson-restaurant)","Fruits & Vegetables","249","249","","999","ACTIVE","restaurant, basmati-rice-/-biryani","cmrmfmc32000205jso77x37o0","cms2p1lyx0001n0idod904lfu"
"132","Jeera Rice","Wedson Restaurant (wedson-restaurant)","Fruits & Vegetables","129","129","","999","ACTIVE","restaurant, basmati-rice-/-biryani","cmrmf3dma000104joh21t7a2b","cms2p1lyx0001n0idod904lfu"
"133","Kadhai Mushroom ","Wedson Restaurant (wedson-restaurant)","Fruits & Vegetables","249","249","","999","ACTIVE","restaurant, main-course","cmrlmvzcb000004l56sy2t36p","cms2p1lyx0001n0idod904lfu"
"134","Kadhai Paneer","Wedson Restaurant (wedson-restaurant)","Fruits & Vegetables","249","249","","998","ACTIVE","restaurant, main-course","cmrlmx4xa000104l5s7bvtwfg","cms2p1lyx0001n0idod904lfu"
"135","Lachha Paratha ","Wedson Restaurant (wedson-restaurant)","Fruits & Vegetables","39","39","1 Paratha","999","ACTIVE","restaurant, roti-naan-kulcha","cmrm1cpup000604l7kljgum7w","cms2p1lyx0001n0idod904lfu"
"136","Matar Mushroom ","Wedson Restaurant (wedson-restaurant)","Fruits & Vegetables","249","249","","999","ACTIVE","restaurant, main-course","cmrlmuw8i000104l74y76d28i","cms2p1lyx0001n0idod904lfu"
"137","Matar Paneer","Wedson Restaurant (wedson-restaurant)","Fruits & Vegetables","239","239","","999","ACTIVE","main-course, restaurant","cmrlmr8xn000a04l50b7umfb1","cms2p1lyx0001n0idod904lfu"
"138","Matar Pulav","Wedson Restaurant (wedson-restaurant)","Fruits & Vegetables","139","139","","999","ACTIVE","restaurant, basmati-rice-/-biryani","cmrmf5oj6000204jockdd0qni","cms2p1lyx0001n0idod904lfu"
"139","Missi Roti","Wedson Restaurant (wedson-restaurant)","Fruits & Vegetables","39","39","1 Roti","999","ACTIVE","restaurant, roti-naan-kulcha","cmrm199qj000104l79guia4eq","cms2p1lyx0001n0idod904lfu"
"140","Mushroom do pyaaza ","Wedson Restaurant (wedson-restaurant)","Fruits & Vegetables","249","249","","999","ACTIVE","main-course, restaurant","cmrlmszdd000c04l5jxtecg3t","cms2p1lyx0001n0idod904lfu"
"141","Mushroom Malai Tikka","Wedson Restaurant (wedson-restaurant)","Fruits & Vegetables","249","249","","999","ACTIVE","restaurant, tandoori-nawab-nawab","cmrmz9eeb000004kzx2kogy0b","cms2p1lyx0001n0idod904lfu"
"142","Mushroom Masala ","Wedson Restaurant (wedson-restaurant)","Fruits & Vegetables","249","249","","999","ACTIVE","restaurant, main-course","cmrlmu2gh000004l7fysthp1q","cms2p1lyx0001n0idod904lfu"
"143","Mushroom Tikka Masala ","Wedson Restaurant (wedson-restaurant)","Fruits & Vegetables","239","239","","999","ACTIVE","restaurant, tandoori-nawab-nawab","cmrmz20np000404jp6irdfppn","cms2p1lyx0001n0idod904lfu"
"144","Oreo Shake","Wedson Restaurant (wedson-restaurant)","Fruits & Vegetables","119","119","","999","ACTIVE","shake, restaurant","cmrsrzdeq000304kte45vq50j","cms2p1lyx0001n0idod904lfu"
"145","Paneer Bhurji","Wedson Restaurant (wedson-restaurant)","Fruits & Vegetables","249","249","","999","ACTIVE","main-course, restaurant","cmrlmp3cg000404l5eqemt275","cms2p1lyx0001n0idod904lfu"
"146","Paneer Burger","Wedson Restaurant (wedson-restaurant)","Fruits & Vegetables","109","109","","999","ACTIVE","burger, restaurant","cmrt3vbmg000704jpx4tcnvd5","cms2p1lyx0001n0idod904lfu"
"147","Paneer Butter Masala ","Wedson Restaurant (wedson-restaurant)","Fruits & Vegetables","239","239","","999","ACTIVE","restaurant, main-course","cmrl24qmo000004jr7ev2408f","cms2p1lyx0001n0idod904lfu"
"148","Paneer do pyaaza","Wedson Restaurant (wedson-restaurant)","Fruits & Vegetables","289","289","","999","ACTIVE","restaurant, main-course","cmrl2gmxh000004jst4bq85c1","cms2p1lyx0001n0idod904lfu"
"149","Paneer Lababdaar","Wedson Restaurant (wedson-restaurant)","Fruits & Vegetables","289","289","","999","ACTIVE","restaurant, main-course","cmrl2dfi2000104jyehvgdun1","cms2p1lyx0001n0idod904lfu"
"150","Paneer Malai Tikka ","Wedson Restaurant (wedson-restaurant)","Fruits & Vegetables","269","269","","999","ACTIVE","restaurant, tandoori-nawab-nawab","cmrmyaa1w000104ldi88g5p3c","cms2p1lyx0001n0idod904lfu"
"151","Paneer Paratha (2 Pc)","Wedson Restaurant (wedson-restaurant)","Fruits & Vegetables","149","149","","999","HIDDEN","restaurant, breakfast","cmrlvvna6000304l01gaoau7n","cms2p1lyx0001n0idod904lfu"
"152","Paneer Tikka ","Wedson Restaurant (wedson-restaurant)","Fruits & Vegetables","239","239","","999","ACTIVE","restaurant, tandoori-nawab-nawab","cmrmxv377000104l4cl826asl","cms2p1lyx0001n0idod904lfu"
"153","Paneer Tikka Biryani","Wedson Restaurant (wedson-restaurant)","Fruits & Vegetables","269","269","","998","ACTIVE","restaurant, basmati-rice-/-biryani","cmrmflcmm000105jsautpv6kc","cms2p1lyx0001n0idod904lfu"
"154","Paneer Tikka Masala ","Wedson Restaurant (wedson-restaurant)","Fruits & Vegetables","289","289","","999","ACTIVE","restaurant, main-course","cmrl1v5co000004il4r5m2ezn","cms2p1lyx0001n0idod904lfu"
"155","Paneer Tikka Pizza ","Wedson Restaurant (wedson-restaurant)","Fruits & Vegetables","249","249","","999","ACTIVE","pizza, restaurant","cmrt0h30j000004jr0k0642zs","cms2p1lyx0001n0idod904lfu"
"156","Pavbhaji ","Wedson Restaurant (wedson-restaurant)","Fruits & Vegetables","149","149","","999","ACTIVE","pizza, restaurant","cmrt0xqc2000d04jp0g6h4e69","cms2p1lyx0001n0idod904lfu"
"157","Peanut Masala ","Wedson Restaurant (wedson-restaurant)","Fruits & Vegetables","129","129","","999","ACTIVE","starter, restaurant","cmrswtpsz000004l7yn9z2oq0","cms2p1lyx0001n0idod904lfu"
"158","Pineapple Shake","Wedson Restaurant (wedson-restaurant)","Fruits & Vegetables","119","119","","999","ACTIVE","shake, restaurant","cmrsryjif000204ktygqffk9g","cms2p1lyx0001n0idod904lfu"
"159","Pink Pasta ","Wedson Restaurant (wedson-restaurant)","Fruits & Vegetables","239","239","","999","ACTIVE","pasta, restaurant","cmrt5y0bg000604jp9i8240ay","cms2p1lyx0001n0idod904lfu"
"160","Plain Naan","Wedson Restaurant (wedson-restaurant)","Fruits & Vegetables","35","35","1 Naan","999","ACTIVE","restaurant, roti-naan-kulcha","cmrm15fvf000004jzdgouciuz","cms2p1lyx0001n0idod904lfu"
"161","Poha","Wedson Restaurant (wedson-restaurant)","Fruits & Vegetables","99","99","","998","HIDDEN","restaurant, breakfast","cmrlvy1pv000204kz9f6xxprs","cms2p1lyx0001n0idod904lfu"
"162","Poori Bhaji (4 Pcs)","Wedson Restaurant (wedson-restaurant)","Fruits & Vegetables","149","149","","999","HIDDEN","restaurant, breakfast","cmrlvwuzi000304l7h82uwdvt","cms2p1lyx0001n0idod904lfu"
"163","Punjabi Paneer Tikka","Wedson Restaurant (wedson-restaurant)","Fruits & Vegetables","259","259","","999","ACTIVE","restaurant, special-starters","cmru4s4eg000904jou5euhpg2","cms2p1lyx0001n0idod904lfu"
"164","Red Pasta","Wedson Restaurant (wedson-restaurant)","Fruits & Vegetables","199","199","","999","ACTIVE","restaurant, pasta","cmrt5udjm000204jpzo1is7y7","cms2p1lyx0001n0idod904lfu"
"165","Shahi Paneer","Wedson Restaurant (wedson-restaurant)","Fruits & Vegetables","225","225","","998","ACTIVE","restaurant, main-course","cmrlmo5cc000104l5g7w5dy8w","cms2p1lyx0001n0idod904lfu"
"166","Soya Chaap Masala ","Wedson Restaurant (wedson-restaurant)","Fruits & Vegetables","289","289","","999","ACTIVE","restaurant, main-course","cmrlms62y000b04l5savd1f78","cms2p1lyx0001n0idod904lfu"
"167","Soya malai chaap","Wedson Restaurant (wedson-restaurant)","Fruits & Vegetables","219","219","","999","ACTIVE","special-starters, restaurant","cmru4v0uw000004jm2d2t9t6h","cms2p1lyx0001n0idod904lfu"
"168","Soya Masala Chaap","Wedson Restaurant (wedson-restaurant)","Fruits & Vegetables","239","239","","999","ACTIVE","special-starters, restaurant","cmru4wy6w000004i8ld5xg142","cms2p1lyx0001n0idod904lfu"
"169","Steamed Rice","Wedson Restaurant (wedson-restaurant)","Fruits & Vegetables","119","119","","999","ACTIVE","restaurant, basmati-rice-/-biryani","cmrmf1y7l000004jooq294z9e","cms2p1lyx0001n0idod904lfu"
"170","Strawberry Shake","Wedson Restaurant (wedson-restaurant)","Fruits & Vegetables","113","119","","999","ACTIVE","shake, desserts, ice-cream","cmrsrj1tm000104ktm7atwbgm","cms2p1lyx0001n0idod904lfu"
"171","Stuffed Aloo Kulcha ","Wedson Restaurant (wedson-restaurant)","Fruits & Vegetables","59","59","1 Kulcha","999","ACTIVE","restaurant, roti-naan-kulcha","cmrm1ariv000204l76ngsam10","cms2p1lyx0001n0idod904lfu"
"172","Stuffed Paneer Kulcha","Wedson Restaurant (wedson-restaurant)","Fruits & Vegetables","79","79","1 Kulcha","999","ACTIVE","restaurant, roti-naan-kulcha","cmrm1bipx000504l7jzzj8ssh","cms2p1lyx0001n0idod904lfu"
"173","Tandoori Plater ","Wedson Restaurant (wedson-restaurant)","Fruits & Vegetables","299","299","","999","ACTIVE","special-starters, restaurant","cmru58umu000504jxuxfb0gji","cms2p1lyx0001n0idod904lfu"
"174","Tandoori Roti Butter","Wedson Restaurant (wedson-restaurant)","Fruits & Vegetables","20","20","1 Roti","999","ACTIVE","restaurant, roti-naan-kulcha","cmrm13y8x000004kzj8994frg","cms2p1lyx0001n0idod904lfu"
"175","Tandoori Roti Plain","Wedson Restaurant (wedson-restaurant)","Fruits & Vegetables","15","15","1 Roti","997","ACTIVE","restaurant, roti-naan-kulcha","cmrm12nnp000i04jzdpefptef","cms2p1lyx0001n0idod904lfu"
"176","Turban Paneer Masala ","Wedson Restaurant (wedson-restaurant)","Fruits & Vegetables","319","319","","999","ACTIVE","restaurant, main-course","cmrlmya70000804joqnuorx4w","cms2p1lyx0001n0idod904lfu"
"177","Vanilla Shake","Wedson Restaurant (wedson-restaurant)","Fruits & Vegetables","119","119","","999","ACTIVE","desserts, shake, shakes, restaurant","cmrss5aar000404jx8x5l8p0y","cms2p1lyx0001n0idod904lfu"
"178","Veg biryani","Wedson Restaurant (wedson-restaurant)","Fruits & Vegetables","229","229","","999","ACTIVE","restaurant, basmati-rice-/-biryani","cmrmfkc3w000005jsz6sq8xuw","cms2p1lyx0001n0idod904lfu"
"179","Veg Burger ","Wedson Restaurant (wedson-restaurant)","Fruits & Vegetables","69","69","","998","ACTIVE","restaurant, burger","cmrt3qx89000104jp3ukhahpj","cms2p1lyx0001n0idod904lfu"
"180","Veg Cream of Mushroom ","Wedson Restaurant (wedson-restaurant)","Fruits & Vegetables","119","119","","999","ACTIVE","restaurant, soup","cmrsuw5kk000104l14nl01rim","cms2p1lyx0001n0idod904lfu"
"181","Veg Grilled Sandwich ","Wedson Restaurant (wedson-restaurant)","Fruits & Vegetables","149","149","","999","ACTIVE","restaurant, pizza","cmrt0taao000404jrmvvshf05","cms2p1lyx0001n0idod904lfu"
"182","Veg Hot & Sour Soup","Wedson Restaurant (wedson-restaurant)","Fruits & Vegetables","119","119","","999","ACTIVE","soup, restaurant","cmrsuqd84000104l7g989ogmi","cms2p1lyx0001n0idod904lfu"
"183","Veg Manchow Soup","Wedson Restaurant (wedson-restaurant)","Fruits & Vegetables","119","119","","999","ACTIVE","soup, restaurant","cmrsv3kmv000004l141nb4g7o","cms2p1lyx0001n0idod904lfu"
"184","Veg Navratan Pulav","Wedson Restaurant (wedson-restaurant)","Fruits & Vegetables","199","199","","999","ACTIVE","restaurant, basmati-rice-/-biryani","cmrmfb6fc000004l0vpzzbqjj","cms2p1lyx0001n0idod904lfu"
"185","Veg Pulav","Wedson Restaurant (wedson-restaurant)","Fruits & Vegetables","159","159","","999","ACTIVE","restaurant, basmati-rice-/-biryani","cmrmf7qus000004i9uwd6ldhc","cms2p1lyx0001n0idod904lfu"
"186","Veg Sandwich ","Wedson Restaurant (wedson-restaurant)","Fruits & Vegetables","139","139","","999","ACTIVE","pizza, restaurant","cmrt0s447000204jr74hce80k","cms2p1lyx0001n0idod904lfu"
"187","Veg Seekh Kebab ","Wedson Restaurant (wedson-restaurant)","Fruits & Vegetables","199","199","","999","ACTIVE","special-starters, restaurant","cmru565v2000304jxsbnmjmit","cms2p1lyx0001n0idod904lfu"
"188","Veg Sweet Corn Soup","Wedson Restaurant (wedson-restaurant)","Fruits & Vegetables","119","119","","999","ACTIVE","restaurant, soup","cmrsukjvt000204l1dmv65rid","cms2p1lyx0001n0idod904lfu"
"189","Vegetable Spring Roll","Wedson Restaurant (wedson-restaurant)","Fruits & Vegetables","129","129","","999","ACTIVE","restaurant, starter","cmrswn8a0000004l45lulcjqj","cms2p1lyx0001n0idod904lfu"
"190","White Pasta","Wedson Restaurant (wedson-restaurant)","Fruits & Vegetables","229","229","","999","ACTIVE","pasta, restaurant","cmrt5wctn000504jp1ofd17bd","cms2p1lyx0001n0idod904lfu"
"191","Achari Paneer Tikka ","Bal Udyan Restaurant (bal-udyan-restaurant)","Fruits & Vegetables","220","220","","999","ACTIVE","tandoori-nawab-nawab, restaurant","cmsegha5e000g04kzrtvv6dg6","cmsbhxb6a000304if8kf1cwji"
"192","Afghani Paneer Tikka ","Bal Udyan Restaurant (bal-udyan-restaurant)","Fruits & Vegetables","249","249","","999","ACTIVE","tandoori-nawab-nawab, restaurant","cmsegd9n2000h04ldaku65c19","cmsbhxb6a000304if8kf1cwji"
"193","Aloo Kulcha","Bal Udyan Restaurant (bal-udyan-restaurant)","Fruits & Vegetables","55","55","","999","ACTIVE","roti-naan-kulcha, restaurant","cmse8e1gh000704jwdsg3ex00","cmsbhxb6a000304if8kf1cwji"
"194","Aloo Paratha ","Bal Udyan Restaurant (bal-udyan-restaurant)","Fruits & Vegetables","80","80","","999","ACTIVE","breakfast, restaurant","cmsdlda0u000404ky6qalxjv3","cmsbhxb6a000304if8kf1cwji"
"195","Amritsari Chole","Bal Udyan Restaurant (bal-udyan-restaurant)","Fruits & Vegetables","199","199","","999","ACTIVE","main-course, restaurant","cmsdn6ct9000104ji5g9vuc2c","cmsbhxb6a000304if8kf1cwji"
"196","Bal Udyan Special Paneer","Bal Udyan Restaurant (bal-udyan-restaurant)","Fruits & Vegetables","290","290","","999","ACTIVE","main-course, restaurant","cmsdn9w4r000204k1mjjm29k1","cmsbhxb6a000304if8kf1cwji"
"197","Butter Naan","Bal Udyan Restaurant (bal-udyan-restaurant)","Fruits & Vegetables","30","30","","999","ACTIVE","roti-naan-kulcha, restaurant","cmse8c1sl000604jwjoyutg94","cmsbhxb6a000304if8kf1cwji"
"198","Butterscotch Cup","Bal Udyan Restaurant (bal-udyan-restaurant)","Fruits & Vegetables","19","20","","999","HIDDEN","ice-cream, desserts, kulfi, cones","cmrubtlws000204l1sb2ty6m6","cmsbhxb6a000304if8kf1cwji"
"199","Cheese Balls","Bal Udyan Restaurant (bal-udyan-restaurant)","Fruits & Vegetables","130","130","","999","ACTIVE","starter, restaurant","cmsed9oqz000v04kvbp0a07kb","cmsbhxb6a000304if8kf1cwji"
"200","Cheese Sigar Roll","Bal Udyan Restaurant (bal-udyan-restaurant)","Fruits & Vegetables","140","140","","999","ACTIVE","starter, restaurant","cmsec8orc000004kvgi8ynd10","cmsbhxb6a000304if8kf1cwji"
"201","Chilli Mushroom ","Bal Udyan Restaurant (bal-udyan-restaurant)","Fruits & Vegetables","225","225","","999","ACTIVE","starter, restaurant","cmseddpb5000104l4bxq4dz2h","cmsbhxb6a000304if8kf1cwji"
"202","Chilli Paneer","Bal Udyan Restaurant (bal-udyan-restaurant)","Fruits & Vegetables","199","199","1 Plate","999","ACTIVE","starters-tandoori, special-starters, tandoori-nawab-nawab, starter, starters, kebabs, tikka, chaap, veg, restaurant, restaurant","cmsedbns5000104l6vltn20ag","cmsbhxb6a000304if8kf1cwji"
"203","Chola Kulcha","Bal Udyan Restaurant (bal-udyan-restaurant)","Fruits & Vegetables","110","110","","999","ACTIVE","breakfast, restaurant","cmsdlgl7e000004l2ibqytuun","cmsbhxb6a000304if8kf1cwji"
"204","Chola Paneer Kulcha","Bal Udyan Restaurant (bal-udyan-restaurant)","Fruits & Vegetables","129","129","","999","ACTIVE","breakfast, restaurant","cmsdlhz7j000304l266vxi7sp","cmsbhxb6a000304if8kf1cwji"
"205","Chole Bhature","Bal Udyan Restaurant (bal-udyan-restaurant)","Fruits & Vegetables","110","110","2 pc","997","ACTIVE","breakfast, paratha, poori, chole-bhature, nashta, poha, veg, restaurant","cmsdl3o7z000104kyfe3g61yg","cmsbhxb6a000304if8kf1cwji"
"206","Coca Cola ","Bal Udyan Restaurant (bal-udyan-restaurant)","Fruits & Vegetables","29","30","1 Can","999","HIDDEN","beverages, chilled, drinks, soft-drink","cmqhe2f60000004js1qdbd61j","cmsbhxb6a000304if8kf1cwji"
"207","Corn Cheeze Ball","Bal Udyan Restaurant (bal-udyan-restaurant)","Fruits & Vegetables","130","130","","999","ACTIVE","starter, restaurant","cmsecxl1j000504kvmtkvqrms","cmsbhxb6a000304if8kf1cwji"
"208","Crispy Corn ","Bal Udyan Restaurant (bal-udyan-restaurant)","Fruits & Vegetables","149","149","","999","ACTIVE","starter, restaurant","cmseeaqi9000304jy6sxl6y0t","cmsbhxb6a000304if8kf1cwji"
"209","Dahi ke Kabab","Bal Udyan Restaurant (bal-udyan-restaurant)","Fruits & Vegetables","149","149","","999","ACTIVE","starter, restaurant","cmsedk7o0000404jpja0plzms","cmsbhxb6a000304if8kf1cwji"
"210","Dal Fry","Bal Udyan Restaurant (bal-udyan-restaurant)","Fruits & Vegetables","120","120","","999","ACTIVE","dal, restaurant","cmsegqv52000d04ju3hizxhs5","cmsbhxb6a000304if8kf1cwji"
"211","Dal Makhani ","Bal Udyan Restaurant (bal-udyan-restaurant)","Fruits & Vegetables","180","180","","999","ACTIVE","dal, restaurant","cmsegs7fw000i04juj0rlaxhq","cmsbhxb6a000304if8kf1cwji"
"212","Dal Tadka","Bal Udyan Restaurant (bal-udyan-restaurant)","Fruits & Vegetables","149","149","","999","ACTIVE","dal, restaurant","cmsegrkv9000g04jufcn3b1v5","cmsbhxb6a000304if8kf1cwji"
"213","Extra Pav ","Bal Udyan Restaurant (bal-udyan-restaurant)","Fruits & Vegetables","30","30","","999","ACTIVE","starter, restaurant","cmsee6l2f000104jytdauw6o0","cmsbhxb6a000304if8kf1cwji"
"214","French Fries ","Bal Udyan Restaurant (bal-udyan-restaurant)","Fruits & Vegetables","79","79","","999","ACTIVE","starter, restaurant","cmsecwr2g000404kvj5uc0tr2","cmsbhxb6a000304if8kf1cwji"
"215","Garlic Naan","Bal Udyan Restaurant (bal-udyan-restaurant)","Fruits & Vegetables","50","50","","999","ACTIVE","roti-naan-kulcha, restaurant","cmse8ki1y000404lalyxste54","cmsbhxb6a000304if8kf1cwji"
"216","Handi Paneer","Bal Udyan Restaurant (bal-udyan-restaurant)","Fruits & Vegetables","249","249","","998","ACTIVE","restaurant, main-course","cmsdmpw6v000204lesdu8r1yy","cmsbhxb6a000304if8kf1cwji"
"217","Hara Bhara Kabab ","Bal Udyan Restaurant (bal-udyan-restaurant)","Fruits & Vegetables","140","140","","999","ACTIVE","starter, restaurant","cmsechdyg000304jok87rnrqw","cmsbhxb6a000304if8kf1cwji"
"218","Honey Chilli Potato ","Bal Udyan Restaurant (bal-udyan-restaurant)","Fruits & Vegetables","169","169","","999","ACTIVE","starter, restaurant","cmsedhkb1000404l4l8hbmoll","cmsbhxb6a000304if8kf1cwji"
"219","Kadhai Paneer ","Bal Udyan Restaurant (bal-udyan-restaurant)","Fruits & Vegetables","239","239","","999","ACTIVE","main-course, restaurant","cmsdmfryt000404l78a0wbwle","cmsbhxb6a000304if8kf1cwji"
"220","Lachcha Paratha","Bal Udyan Restaurant (bal-udyan-restaurant)","Fruits & Vegetables","30","30","","999","ACTIVE","roti-naan-kulcha, restaurant","cmse8n44x000704la72kq1nsv","cmsbhxb6a000304if8kf1cwji"
"221","Maggie","Bal Udyan Restaurant (bal-udyan-restaurant)","Fruits & Vegetables","70","70","","999","ACTIVE","breakfast, restaurant","cmsdlmtfi000904l1plhv5bds","cmsbhxb6a000304if8kf1cwji"
"222","Matar Paneer ","Bal Udyan Restaurant (bal-udyan-restaurant)","Fruits & Vegetables","200","200","","998","ACTIVE","main-course, restaurant","cmsdmgnrz000604l7peuxmqsb","cmsbhxb6a000304if8kf1cwji"
"223","Missi Roti","Bal Udyan Restaurant (bal-udyan-restaurant)","Fruits & Vegetables","25","25","","999","ACTIVE","roti-naan-kulcha, restaurant","cmse842fn000904l8r120d3v6","cmsbhxb6a000304if8kf1cwji"
"224","Mix Pakodi","Bal Udyan Restaurant (bal-udyan-restaurant)","Fruits & Vegetables","100","100","","999","ACTIVE","starter, restaurant","cmseejw1w001j04kv7oiuzm1c","cmsbhxb6a000304if8kf1cwji"
"225","Mix Paratha ","Bal Udyan Restaurant (bal-udyan-restaurant)","Fruits & Vegetables","90","90","","999","ACTIVE","breakfast, restaurant","cmsdltm2e000704jl3mab5vac","cmsbhxb6a000304if8kf1cwji"
"226","Mix Vegetable ","Bal Udyan Restaurant (bal-udyan-restaurant)","Fruits & Vegetables","199","199","","999","ACTIVE","main-course, restaurant","cmsdndssi000404k1yys6qhiz","cmsbhxb6a000304if8kf1cwji"
"227","Muli Paratha","Bal Udyan Restaurant (bal-udyan-restaurant)","Fruits & Vegetables","80","80","","999","ACTIVE","breakfast, restaurant","cmsdls2l4000504jlcsp8x3ej","cmsbhxb6a000304if8kf1cwji"
"228","Mushroom Tikka ","Bal Udyan Restaurant (bal-udyan-restaurant)","Fruits & Vegetables","220","220","","999","ACTIVE","tandoori-nawab-nawab, restaurant","cmsegeeng000404l86cowx2kp","cmsbhxb6a000304if8kf1cwji"
"229","Mushroom Tikka Malai","Bal Udyan Restaurant (bal-udyan-restaurant)","Fruits & Vegetables","249","249","","999","ACTIVE","tandoori-nawab-nawab, restaurant","cmsegf9lv000i04ldlv3qg9sm","cmsbhxb6a000304if8kf1cwji"
"230","Onion Kulcha","Bal Udyan Restaurant (bal-udyan-restaurant)","Fruits & Vegetables","55","55","","999","ACTIVE","roti-naan-kulcha, restaurant","cmse8o68v000804lajfl4vd4n","cmsbhxb6a000304if8kf1cwji"
"231","Palak Paneer","Bal Udyan Restaurant (bal-udyan-restaurant)","Fruits & Vegetables","125","125","","999","ACTIVE","main-course, restaurant","cmsdmle88000404l9qf8te46e","cmsbhxb6a000304if8kf1cwji"
"232","Paneer 65","Bal Udyan Restaurant (bal-udyan-restaurant)","Fruits & Vegetables","130","130","","999","ACTIVE","starter, restaurant","cmsed8908000104jpzcbqokt0","cmsbhxb6a000304if8kf1cwji"
"233","Paneer Bhurji","Bal Udyan Restaurant (bal-udyan-restaurant)","Fruits & Vegetables","199","199","Full plate","99999","ACTIVE","main-course, north-indian, curry, dal-makhani, paneer-butter-masala, paneer, main-course, dal, veg, restaurant, restaurant","cmsdmhqj3000205l6f9i3x09q","cmsbhxb6a000304if8kf1cwji"
"234","Paneer Butter Masala","Bal Udyan Restaurant (bal-udyan-restaurant)","Fruits & Vegetables","225","225","Full ","9999","ACTIVE","main-course, north-indian, curry, dal-makhani, paneer-butter-masala, paneer, main-course, dal, veg, restaurant, restaurant","cmsdmczca000104l7nbptmnn0","cmsbhxb6a000304if8kf1cwji"
"235","Paneer Dil Bahar","Bal Udyan Restaurant (bal-udyan-restaurant)","Fruits & Vegetables","280","280","","999","ACTIVE","main-course, restaurant","cmsdmui3k000804l9ifgkbkco","cmsbhxb6a000304if8kf1cwji"
"236","Paneer Do Pyaaza","Bal Udyan Restaurant (bal-udyan-restaurant)","Fruits & Vegetables","240","240","Full","99999","ACTIVE","main-course, north-indian, curry, dal-makhani, paneer-butter-masala, paneer, main-course, dal, veg, restaurant, restaurant","cmsdmeyah000304l79xltycux","cmsbhxb6a000304if8kf1cwji"
"237","Paneer Kulcha ","Bal Udyan Restaurant (bal-udyan-restaurant)","Fruits & Vegetables","55","55","","999","ACTIVE","roti-naan-kulcha, restaurant","cmse8lu0t000504larmo0oh90","cmsbhxb6a000304if8kf1cwji"
"238","Paneer Lababdaar","Bal Udyan Restaurant (bal-udyan-restaurant)","Fruits & Vegetables","239","239","Full","99999","ACTIVE","main-course, north-indian, curry, dal-makhani, paneer-butter-masala, paneer, main-course, dal, veg, restaurant, restaurant","cmsdmdyja000204l7a85zaut3","cmsbhxb6a000304if8kf1cwji"
"239","Paneer Malai Tikka ","Bal Udyan Restaurant (bal-udyan-restaurant)","Fruits & Vegetables","249","249","","999","ACTIVE","tandoori-nawab-nawab, restaurant","cmsegc6ry000f04ldln5dhwnl","cmsbhxb6a000304if8kf1cwji"
"240","Paneer Manchurian ","Bal Udyan Restaurant (bal-udyan-restaurant)","Fruits & Vegetables","199","199","","999","ACTIVE","starter, restaurant","cmsedgeal000304l4gr1qu1gr","cmsbhxb6a000304if8kf1cwji"
"241","Paneer Pakodi","Bal Udyan Restaurant (bal-udyan-restaurant)","Fruits & Vegetables","150","150","","999","ACTIVE","starter, restaurant","cmseej4pb001i04kv9jvy2cmt","cmsbhxb6a000304if8kf1cwji"
"242","Paneer Paratha","Bal Udyan Restaurant (bal-udyan-restaurant)","Fruits & Vegetables","99","99","","999","ACTIVE","breakfast, restaurant","cmsdlf4ws000704kycfb5zga3","cmsbhxb6a000304if8kf1cwji"
"243","Paneer Pasanda","Bal Udyan Restaurant (bal-udyan-restaurant)","Fruits & Vegetables","239","239","","999","ACTIVE","main-course, restaurant","cmsdmoqvg000604l9detin6ga","cmsbhxb6a000304if8kf1cwji"
"244","Paneer Tikka ","Bal Udyan Restaurant (bal-udyan-restaurant)","Fruits & Vegetables","220","220","","999","ACTIVE","tandoori-nawab-nawab, restaurant","cmsegb6j3000e04ldl76a3tf0","cmsbhxb6a000304if8kf1cwji"
"245","Paneer Tikka Masala ","Bal Udyan Restaurant (bal-udyan-restaurant)","Fruits & Vegetables","239","239","","999","ACTIVE","main-course, restaurant","cmsdm5v2z000104kwpwb9t2be","cmsbhxb6a000304if8kf1cwji"
"246","Paneer Tiranga ","Bal Udyan Restaurant (bal-udyan-restaurant)","Fruits & Vegetables","290","290","","999","ACTIVE","main-course, restaurant","cmsdmyqdl000104k1w46oisim","cmsbhxb6a000304if8kf1cwji"
"247","Pav bhaji ","Bal Udyan Restaurant (bal-udyan-restaurant)","Fruits & Vegetables","110","110","","999","ACTIVE","starter, restaurant","cmsee5xry001e04kv7925ozvk","cmsbhxb6a000304if8kf1cwji"
"248","Peanut Masala ","Bal Udyan Restaurant (bal-udyan-restaurant)","Fruits & Vegetables","99","99","","999","ACTIVE","starter, restaurant","cmsec9luz000104kvtkg2cumw","cmsbhxb6a000304if8kf1cwji"
"249","Peri Peri French Fries ","Bal Udyan Restaurant (bal-udyan-restaurant)","Fruits & Vegetables","100","100","","999","ACTIVE","starter, restaurant","cmseei5qt001h04kvqs2rsq45","cmsbhxb6a000304if8kf1cwji"
"250","Plain Naan ","Bal Udyan Restaurant (bal-udyan-restaurant)","Fruits & Vegetables","25","25","","999","ACTIVE","roti-naan-kulcha, restaurant","cmse84uag000004jpga7x2psr","cmsbhxb6a000304if8kf1cwji"
"251","Poha","Bal Udyan Restaurant (bal-udyan-restaurant)","Fruits & Vegetables","80","80","","999","ACTIVE","breakfast, paratha, poori, chole-bhature, nashta, poha, veg, restaurant","cmsdlj1dp000604l2cap28x6u","cmsbhxb6a000304if8kf1cwji"
"252","Potato Cheese Ball","Bal Udyan Restaurant (bal-udyan-restaurant)","Fruits & Vegetables","130","130","","999","ACTIVE","starter, restaurant","cmsed29f7000104jp0gusilkk","cmsbhxb6a000304if8kf1cwji"
"253","Puri","Bal Udyan Restaurant (bal-udyan-restaurant)","Fruits & Vegetables","10","10","","999","ACTIVE","roti-naan-kulcha, restaurant","cmse8suxo000a04layqk56o1a","cmsbhxb6a000304if8kf1cwji"
"254","Puri bhaji","Bal Udyan Restaurant (bal-udyan-restaurant)","Fruits & Vegetables","80","80","","999","ACTIVE","breakfast, restaurant","cmsdlbvdu000104la2hhqk2i8","cmsbhxb6a000304if8kf1cwji"
"255","Shahi Paneer ","Bal Udyan Restaurant (bal-udyan-restaurant)","Fruits & Vegetables","199","199","","999","ACTIVE","main-course, restaurant","cmsdmqqz0000304le69scj6e1","cmsbhxb6a000304if8kf1cwji"
"256","Soya chaap masala ","Bal Udyan Restaurant (bal-udyan-restaurant)","Fruits & Vegetables","210","210","","998","ACTIVE","main-course, restaurant","cmsdn3ch0000004jianhyshvo","cmsbhxb6a000304if8kf1cwji"
"257","Soya Malai Chaap","Bal Udyan Restaurant (bal-udyan-restaurant)","Fruits & Vegetables","199","199","","999","ACTIVE","starter, restaurant","cmsee4zo5001d04kvsuxuhr3d","cmsbhxb6a000304if8kf1cwji"
"258","Spanich Corn Roll","Bal Udyan Restaurant (bal-udyan-restaurant)","Fruits & Vegetables","140","140","","999","ACTIVE","starter, restaurant","cmsec7gub000704jvoad020fn","cmsbhxb6a000304if8kf1cwji"
"259","Stuffed Kulcha ","Bal Udyan Restaurant (bal-udyan-restaurant)","Fruits & Vegetables","50","50","","999","ACTIVE","roti-naan-kulcha, restaurant","cmse8y26z000c04jwqcr7pq6m","cmsbhxb6a000304if8kf1cwji"
"260","Stuffed Naan","Bal Udyan Restaurant (bal-udyan-restaurant)","Fruits & Vegetables","50","50","","999","ACTIVE","roti-naan-kulcha, restaurant","cmse8x5af000b04jwxbqv1mwl","cmsbhxb6a000304if8kf1cwji"
"261","Sweet Corn Masala ","Bal Udyan Restaurant (bal-udyan-restaurant)","Fruits & Vegetables","99","99","","999","ACTIVE","starter, restaurant","cmsecc5iv000304kvwmwi9neg","cmsbhxb6a000304if8kf1cwji"
"262","Tandoori Butter Roti ","Bal Udyan Restaurant (bal-udyan-restaurant)","Fruits & Vegetables","15","15","","999","ACTIVE","roti-naan-kulcha, restaurant","cmse62i04000604lgwozys7m8","cmsbhxb6a000304if8kf1cwji"
"263","Tandoori Plain Roti","Bal Udyan Restaurant (bal-udyan-restaurant)","Fruits & Vegetables","10","10","","999","ACTIVE","roti-naan-kulcha, restaurant","cmse61b1w000204lgplv5l8yx","cmsbhxb6a000304if8kf1cwji"
"264","Veg Manchurian ","Bal Udyan Restaurant (bal-udyan-restaurant)","Fruits & Vegetables","165","165","","999","ACTIVE","starter, restaurant","cmsedikrk000504l4sc97uyq2","cmsbhxb6a000304if8kf1cwji"
"265","Vegetable Spring Rolls","Bal Udyan Restaurant (bal-udyan-restaurant)","Fruits & Vegetables","110","110","","999","ACTIVE","starter, restaurant","cmsec1i6w000104jva5v94zlt","cmsbhxb6a000304if8kf1cwji"
"266","ACT II Classic Salted Popcorn","Grocery (Dark Store)","Grocery Essential ","60","72","165 gm","2","ACTIVE","","cmqtfuqxh000104jsyk7czg6j",""
"267","ACT II Golden Sizzle Salted Popcorn","Grocery (Dark Store)","Grocery Essential ","60","72","165 gm","2","ACTIVE","","cmqtfyr11000004i5u33qronp",""
"268","All Out Combo (Machine+ Refill)","Grocery (Dark Store)","Home Needs and Cleaning ","105","105","","5","ACTIVE","","cmsgjtnfq000404l72j899uzc",""
"269","All Out Refill ","Grocery (Dark Store)","Home Needs and Cleaning ","85","85","","15","ACTIVE","","cmsgjnci7000104l7fv3c77zw",""
"270","Amul Dark Chocolate ","Grocery (Dark Store)","Chocolates","45","45","35 g","7","ACTIVE","chocolates, sweets","cmsephfz9000h04l8oy33s94b",""
"271","Amul Dark Chocolate ","Grocery (Dark Store)","Chocolates","179","180","150 g","3","ACTIVE","chocolates, sweets","cmsep9wtz000204k48kbtzwww",""
"272","Arbi (Ghuiya)","Grocery (Dark Store)","Fruits & Vegetables","35","40","","98","ACTIVE","","cmqkyciyn000004iomgn3dk0h",""
"273","Banana","Grocery (Dark Store)","Fruits & Vegetables","70","80","1 Dozen","30","ACTIVE","fresh, fruits, vegetables, breakfast","cmqijdhjm000004l1zaxjnje6",""
"274","Bhindi","Grocery (Dark Store)","Fruits & Vegetables","25","30","","95","ACTIVE","","cmqkw9dai000004k12ylwet53",""
"275","Bikaji Bhelpuri","Grocery (Dark Store)","Snacks & Munchies","48","50","110 g","10","ACTIVE","late-night","cmqte4wuk000004jmx86hs0pz",""
"276","Bikano Aloo Bhujia","Grocery (Dark Store)","Snacks & Munchies","243","299","1 kg","0","ACTIVE","","cmqtfgjvb000004l2xaocex0u",""
"277","Bikano Diet Mixture Namkeen ","Grocery (Dark Store)","Snacks & Munchies","199","225","1 kg","1","ACTIVE","","cmrelajg8000104l5fpbkpkzn",""
"278","Bikano Navratan Mixture","Grocery (Dark Store)","Snacks & Munchies","225","285","1 kg","0","ACTIVE","","cmqtf84xs000004l509yt28pd",""
"279","Bikano Tasty Spicy Coated Peanuts Namkeen","Grocery (Dark Store)","Snacks & Munchies","279","299","1 kg","1","ACTIVE","","cmrel7w6a000104l4z0cm589r",""
"280","Bingo Mad Angles Achari Masti","Grocery (Dark Store)","Snacks & Munchies","49","50","","0","ACTIVE","","cmsexlbo5000304jxtrf6b8vy",""
"281","Bingo Tedhe Medhe","Grocery (Dark Store)","Snacks & Munchies","20","20","1 Packet","7","ACTIVE","late-night","cmqtcj98g000004l2dqk7g7c9",""
"282","Black Forest Cake","Grocery (Dark Store)","Bakery ","230","250","","76","ACTIVE","bakery, cake, cakes","cmqp3neih000004jsnv9lhefg",""
"283","Bottle guard ( Lauki)","Grocery (Dark Store)","Fruits & Vegetables","15","20","","90","ACTIVE","","cmqktomuu000004l2z5d49u8r",""
"284","Bourn Vita","Grocery (Dark Store)","Grocery Essential ","263","263","500 g","2","ACTIVE","","cmsf23jrd000204jobszmsl4t",""
"285","Britannia Bourbon","Grocery (Dark Store)","Snacks & Munchies","40","40","","6","ACTIVE","","cmsf0c6mk000105gyjifczmhp",""
"286","Britannia Choco Chill Cake","Grocery (Dark Store)","Snacks & Munchies","30","30","100 g","44","ACTIVE","snacks, snacks-munchies, cakes","cmsf296bq000104juk3ref4yl",""
"287","Britannia Fruity Fun Cake","Grocery (Dark Store)","Snacks & Munchies","15","15","","59","ACTIVE","snacks, snacks-munchies, cakes","cmsf2agj5000204jut7vuss78",""
"288","Britannia Good Day ","Grocery (Dark Store)","Snacks & Munchies","40","40","248 g","12","ACTIVE","","cmseyabfq000104lapc1iwm5d",""
"289","Britannia Marie Gold","Grocery (Dark Store)","Snacks & Munchies","40","40","","6","ACTIVE","","cmsezwfcu000204l3bkowjw65",""
"290","Britannia Pure Magic Cookie","Grocery (Dark Store)","Snacks & Munchies","159","170","22 cookies","0","ACTIVE","","cms33n48n000a04l4ceuermpo",""
"291","Britannia Toast","Grocery (Dark Store)","Instant Foods","50","50","","57","ACTIVE","","cmsf0pobj000004l28ebu25e1",""
"292","Butterscotch Cake","Grocery (Dark Store)","Bakery ","230","250","","78","ACTIVE","bakery, cake, cakes","cmqp38kbo000004lbx0wovsdf",""
"293","Cabbage  (Bandha)","Grocery (Dark Store)","Fruits & Vegetables","45","50","1 pcs","48","ACTIVE","","cmqku03pl000004l2zfpre4or",""
"294","Cadbury Celebrations","Grocery (Dark Store)","Chocolates","160","160","153 g","2","ACTIVE","","cmsfs7ikc000404jrbhtlgwmm",""
"295","Cadbury Celebrations ","Grocery (Dark Store)","Chocolates","50","50","55 g","3","ACTIVE","","cmsfsbyng000504jpv21qhtcj",""
"296","Cadbury Celebrations ","Grocery (Dark Store)","Chocolates","110","110","110 g","4","ACTIVE","","cmsfs4xqd000104jroyxyp16n",""
"297","Cadbury Crespelo","Grocery (Dark Store)","Chocolates","20","20","20 g","9","ACTIVE","","cmsepnhwh000k04l80entfbof",""
"298","Cadbury Fuse","Grocery (Dark Store)","Chocolates","45","45","43 g","14","ACTIVE","","cmsept0ks000p04l8urkysntd",""
"299","Cadbury Mini Treats","Grocery (Dark Store)","Snacks & Munchies","125","133","15 units","0","ACTIVE","","cms356tgf000o04jxeh99206q",""
"300","Campa","Grocery (Dark Store)","Beverages","20","20","500 ml","999","ACTIVE","beverages, chilled, drinks, soft-drink, grocery","cmqheox3i000504kz4kdyx8cs",""
"301","Capsicum (Shimla)","Grocery (Dark Store)","Fruits & Vegetables","35","40","","97","ACTIVE","","cmqkv8bo1000004l5xv73vhgc",""
"302","Carrot ( Gajar)","Grocery (Dark Store)","Fruits & Vegetables","35","40","","98","ACTIVE","","cmqkvhik6000004l5gb0d05y1",""
"303","Cauliflower (Gobhi)","Grocery (Dark Store)","Fruits & Vegetables","70","80","1 pcs","0","ACTIVE","","cmqky7val000104l8zcpiqth6",""
"304","Ching's Manchurian Instant Noodles ","Grocery (Dark Store)","Grocery Essential ","69","80","256 g","1","ACTIVE","late-night","cmqtdog5t000104jm15hzanv1",""
"305","Choclate Peanut Butter ","Grocery (Dark Store)","Dry Fruits & Superfoods","159","159","227 g","0","ACTIVE","","cmt01o7a0000104k00cc7emu4",""
"306","Chocolate  Cone","Grocery (Dark Store)","Ice Cream","35","35","1 Serving","1998","ACTIVE","desserts, desserts, ice-cream, ice cream, kulfi, dessert, sweet, veg, restaurant, restaurant","cmqhfd92t000204kz2rasvwig",""
"307","Chocolate Cake","Grocery (Dark Store)","Bakery ","230","250","","73","ACTIVE","bakery, cake, cakes","cmqp3fsy0000004lbqhvbyj82",""
"308","Chocolate Horlicks ","Grocery (Dark Store)","Dry Fruits & Superfoods","249","249","500 g","1","ACTIVE","","cmt038rpx000604ie3rk0ryf1",""
"309","Chocolate Peanut Butter ","Grocery (Dark Store)","Dry Fruits & Superfoods","319","319","510 g","2","ACTIVE","","cmt01v6n1000704l2gjrpr6qg",""
"310","Chocos Multigrain","Grocery (Dark Store)","Snacks & Munchies","75","75","127 g","2","ACTIVE","","cmsexp6ar000204jyjx9xwmo6",""
"311","Clean And Clear Foaming Facewash For Oily Skin","Grocery (Dark Store)","Personal Care","349","539","240 ml","1","ACTIVE","Facewash","cmqtcp6lt000004ldrohmjs8l",""
"312","Closeup Toothpaste ","Grocery (Dark Store)","Grocery Essential ","229","260","150 g + 150 g (Mega Saver Pack)","0","ACTIVE","","cmreitwuh000304jparp8hpp2",""
"313","Colgate MaxFresh","Grocery (Dark Store)","Personal Care","249","280","Combo Pack (150 g + 150 g)","0","ACTIVE","","cmrej5cm3000104jpp36pvbzt",""
"314","Colgate Strong Teeth Anticavity Toothpaste","Grocery (Dark Store)","Personal Care","279","310","Super Saver (200g + 200g + 100g)","1","ACTIVE","","cmrejbffl000104laz68dljsp",""
"315","Cornflour ","Grocery (Dark Store)","Kitchen Needs","28","28","100 g","5","ACTIVE","","cmsf1ur92000704jrzlzobi17",""
"316","Cucumber  (Kheera)","Grocery (Dark Store)","Fruits & Vegetables","70","80","1 pc","100","ACTIVE","","cmqknhwh9000004i82podj2w7",""
"317","Custard ","Grocery (Dark Store)","Kitchen Needs","35","35","100 g","6","ACTIVE","","cmsf1zq8w000004jot327m8r7",""
"318","Dabur Red Gel Toothpaste ","Grocery (Dark Store)","Personal Care","249","270","300 g","1","ACTIVE","","cmrejth5r000404l7md0h33f0",""
"319","Dairy Milk ","Grocery (Dark Store)","Chocolates","20","20","20 g","21","ACTIVE","","cmsepzedu000k04l5lam5jyfg",""
"320","Dairy Milk ","Grocery (Dark Store)","Chocolates","45","45","45 g","15","ACTIVE","","cmseq9luh000204iamj8ennfd",""
"321","Dairy Milk ","Grocery (Dark Store)","Chocolates","99","100","112 g","6","ACTIVE","","cmseq6sch000r04l551ub154j",""
"322","Dairy Milk Silk","Grocery (Dark Store)","Chocolates","89","90","52 g","21","ACTIVE","","cmqum8wtq000604jsdv3omtl5",""
"323","Dairy Milk Silk ","Grocery (Dark Store)","Chocolates","204","205","129 g","14","ACTIVE","","cmser0vna000504jr102sn4nb",""
"324","Dalia ","Grocery (Dark Store)","Instant Foods","45","45","500 g","4","ACTIVE","","cmsfxjwoc000504juwveefmoj",""
"325","Dark Fantasy","Grocery (Dark Store)","Bakery ","159","170","20 packs","2","ACTIVE","bakery, biscuits, cookies, snacks, grocery","cmqt9buj6000004kt1vzrwy9b",""
"326","Dark Fantasy Choco Fills","Grocery (Dark Store)","Bakery ","40","40","","8","ACTIVE","bakery, biscuits, cookies, snacks, grocery","cmsf03k45000c04lag0fw7330",""
"327","Dark Fantasy Choco Rolls","Grocery (Dark Store)","Bakery ","169","200","20 Rolls","-6","ACTIVE","bakery, biscuits, cookies, snacks, grocery","cms33io6f000504l47q8afxvh",""
"328","Detol Handwash","Grocery (Dark Store)","Home Needs and Cleaning ","109","109","675 ml","2","ACTIVE","","cmsgi55h0000104l7uddh1eup",""
"329","Detol Soap (4 pc)","Grocery (Dark Store)","Personal Care","217","217","4 * 150 g","2","ACTIVE","","cmsgj5tmw000304jrzz16ro9p",""
"330","Detol Soap (5 pc)","Grocery (Dark Store)","Personal Care","182","182","5*100 g","2","ACTIVE","","cmsgj7mhy000404jrh5lrezub",""
"331","Dew","Grocery (Dark Store)","Beverages","20","20","400 ml","999","ACTIVE","beverages, chilled, drinks, soft-drink, grocery","cmqhem3yg000304kza2tpu1ba",""
"332","Diet Coke","Grocery (Dark Store)","Beverages","29","30","1 Can","0","ACTIVE","beverages, chilled, drinks, soft-drink, grocery","cmqhe6s0o000004kzr37pdot9",""
"333","Dragon Fruit ","Grocery (Dark Store)","Fruits & Vegetables","80","85","1 pc ","47","ACTIVE","fresh, fruits, vegetables","cmqj19zrs000004lb405f3g1n",""
"334","Emokleen Dishwash Liquid ","Grocery (Dark Store)","Home Needs and Cleaning ","51","89","","20","ACTIVE","Home Cleaning","cmrv2i6hq000704jv73hzzv5d",""
"335","Emokleen Dishwash Liquid ","Grocery (Dark Store)","Home Needs and Cleaning ","51","89","","20","ACTIVE","Home Cleaning","cmrv1cceg000604ibzcik3st3",""
"336","Emokleen Dishwash Tub","Grocery (Dark Store)","Home Needs and Cleaning ","50","60","400 gm","10","ACTIVE","Home Cleaning","cmrv0w73c000304lanq1ougrk",""
"337","Emokleen Floor Cleaner Lavender Fresh","Grocery (Dark Store)","Home Needs and Cleaning ","60","99","1 L","9","ACTIVE","Home Cleaning","cmrv25a2m000104l9taxwdqvl",""
"338","Emokleen Glass Cleaner ","Grocery (Dark Store)","Home Needs and Cleaning ","53","70","","20","ACTIVE","Home Cleaning","cmrv16z41000204jlyt9j6oa1",""
"339","Emokleen Hand Gel","Grocery (Dark Store)","Home Needs and Cleaning ","66","89","","20","ACTIVE","Home Cleaning","cmrv1x8zu000604jtqkzmlp93",""
"340","Emokleen Toilet Cleaner ","Grocery (Dark Store)","Home Needs and Cleaning ","44","49","","17","ACTIVE","Home Cleaning","cmrv2dlqu000204l8t315b344",""
"341","Energy Campa","Grocery (Dark Store)","Beverages","29","30","1 Can","99999","HIDDEN","beverages, chilled, drinks, soft-drink, grocery","cmqhe7hqy000104kzdhz09g0l",""
"342","Everest Black Pepper ","Grocery (Dark Store)","Kitchen Needs","92","92","50 g","9","ACTIVE","","cmsfvyjaz000k04l17auev6dx",""
"343","Everest Chicken Masala ","Grocery (Dark Store)","Kitchen Needs","49","49","50 g","10","ACTIVE","","cmsfvgwpe000704l7acjqge0x",""
"344","Everest Chole Masala ","Grocery (Dark Store)","Kitchen Needs","46","46","50 g","10","ACTIVE","","cmsfvcxjv000504l7qa5atmoz",""
"345","Everest Hing ","Grocery (Dark Store)","Kitchen Needs","143","143","50 g","10","ACTIVE","","cmsfw01n2000l04l1yfq4rcj4",""
"346","Everest Kashmiri Lal Mirch","Grocery (Dark Store)","Kitchen Needs","65","65","50 g","10","ACTIVE","","cmsfvuvhm000g04l1oruqmana",""
"347","Everest Kasuri Methi","Grocery (Dark Store)","Kitchen Needs","30","30","25 g","10","ACTIVE","","cmsfvxho9000i04l1v3hfzqn2",""
"348","Everest Kitchen King ","Grocery (Dark Store)","Kitchen Needs","48","48","50 g","9","ACTIVE","","cmsfv2dpd000d04juvooci2m7",""
"349","Everest Meat Masala ","Grocery (Dark Store)","Kitchen Needs","49","49","50 g","10","ACTIVE","","cmsfvqbgo000i04l76d7o9hgb",""
"350","Everest Pav Bhaji Masala ","Grocery (Dark Store)","Kitchen Needs","48","48","50 g","10","ACTIVE","","cmsfvotox000t04jvdhhrbm44",""
"351","Everest Raita-Dahivada Masala","Grocery (Dark Store)","Kitchen Needs","42","42","50 g","10","ACTIVE","","cmsfvehlw000604l7jqvutk69",""
"352","Everest Sabji Masala ","Grocery (Dark Store)","Kitchen Needs","39","39","50 g","9","ACTIVE","","cmsfvrlv2000a04l1fui0rn9x",""
"353","Everest Sambhar Masala ","Grocery (Dark Store)","Kitchen Needs","46","46","50 g","8","ACTIVE","","cmsfvaj3u000404l7abwnqks2",""
"354","Five Star Oreo","Grocery (Dark Store)","Chocolates","45","45","42 g","15","ACTIVE","","cmser9kro000e04l8ugadrg2g",""
"355","Floor Cleaner Rose Fresh","Grocery (Dark Store)","Home Needs and Cleaning ","68","99","1 L","10","ACTIVE","","cmrv297zk000204l6d5tvi9bc",""
"356","Fresh Apples","Grocery (Dark Store)","Fruits & Vegetables","230","250","1 kg","37","ACTIVE","fresh, fruits, vegetables, breakfast","cmqij41kj000004l7zi217u83",""
"357","Funfoods Pasta & Pizza Red Sauce","Grocery (Dark Store)","Instant Foods","45","45","100 g","11","ACTIVE","","cmsgiul56000004jrzd9ppdut",""
"358","Funfoods Veg Mayonnaise","Grocery (Dark Store)","Instant Foods","49","49","","11","ACTIVE","","cmsgisxr3000104kylbb8na15",""
"359","Fusilli Pasta","Grocery (Dark Store)","Instant Foods","79","140","400 g","6","ACTIVE","","cmsfxyr3o000804lah96mld4u",""
"360","Garlic (Lahsun)","Grocery (Dark Store)","Fruits & Vegetables","65","80","","30","ACTIVE","","cmqkvkbn2000104l5tksmvbmy",""
"361","Ginger (Adrak)","Grocery (Dark Store)","Fruits & Vegetables","50","60","1 pc","97","ACTIVE","","cmqknppqv000004i8rog9jorb",""
"362","Good Life Roasted Flax Seed","Grocery (Dark Store)","Grocery Essential ","99","140","100 g","1","ACTIVE","seeds","cmrellgj2000004ie6k7pu2bv",""
"363","Good Life Roasted Pumpkin Seed","Grocery (Dark Store)","Grocery Essential ","115","120","100 g","0","ACTIVE","seeds","cmrelj20k000204l6tyc2aljn",""
"364","Good Life Roasted Sunflower Seed","Grocery (Dark Store)","Grocery Essential ","135","140","100 g","0","ACTIVE","seeds","cmrelpiyw000304l5j77plw58",""
"365","Good Life Sugar 1 kg Pack","Grocery (Dark Store)","Grocery Essential ","43","60","1 kg","0","ACTIVE","","cmqtgauyi000104l5hl2u7t1a",""
"366","Good Life Value Almond","Grocery (Dark Store)","Grocery Essential ","529","550","500 g","1","ACTIVE","","cmrekwz3o000004l5b5q3473s",""
"367","Good Night Combo (Machine+ Refill)","Grocery (Dark Store)","Home Needs and Cleaning ","105","105","","5","ACTIVE","","cmsgjzacy000304l8sbl2mtj5",""
"368","Good Night Fast Card","Grocery (Dark Store)","Home Needs and Cleaning ","10","10","60","60","ACTIVE","","cmsgiejgn000304l7kgikvngl",""
"369","Good Night Refill","Grocery (Dark Store)","Home Needs and Cleaning ","85","85","","15","ACTIVE","","cmsgjptyn000304l77sm6iu92",""
"370","Grapes(Angoor)","Grocery (Dark Store)","Fruits & Vegetables","160","165","1kg","47","ACTIVE","","cmqj1djwx000104lbs9z4mcr9",""
"371","Green Brinjal (Baigan)","Grocery (Dark Store)","Fruits & Vegetables","25","30","","96","ACTIVE","","cmqkwd383000004l1c9xtga57",""
"372","Green Chili (Hari Mirch)","Grocery (Dark Store)","Fruits & Vegetables","25","30","","96","ACTIVE","","cmqktjc3n000004ldxa279qoe",""
"373","Green Corriander (Hari Dhaniya)","Grocery (Dark Store)","Fruits & Vegetables","15","20","","137","ACTIVE","","cmqktxom8000004ibncjatoqx",""
"374","Haldiram Bhelpuri","Grocery (Dark Store)","Snacks & Munchies","39","47","110 g","0","ACTIVE","late-night","cmqteaon8000004l2mu6ehzy5",""
"375","Haldiram's All In One ","Grocery (Dark Store)","Snacks & Munchies","60","60","","4","ACTIVE","Namkeen","cmsg0yvp8000504ihk5abkn3d",""
"376","Haldiram's Aloo Bhujia","Grocery (Dark Store)","Snacks & Munchies","55","55","","5","ACTIVE","Namkeen","cmsg1w55s000104jipnu83cwo",""
"377","Haldiram's Bhujia","Grocery (Dark Store)","Snacks & Munchies","60","60","","6","ACTIVE","Namkeen","cmsg0lq54000104l4m8d4wvio",""
"378","Haldiram's Boondi ","Grocery (Dark Store)","Snacks & Munchies","55","55","200 g","1","ACTIVE","Namkeen","cmsg28viv000a04ju82rybp9p",""
"379","Haldiram's CornFlakes Mixture ","Grocery (Dark Store)","Snacks & Munchies","80","80","","6","ACTIVE","Namkeen","cmsg06sig001i04jp5tz8m99r",""
"380","Haldiram's Kaju Mixture ","Grocery (Dark Store)","Snacks & Munchies","100","100","","5","ACTIVE","Namkeen","cmsg1g553000p04i3e3k3qlrz",""
"381","Haldiram's Kashmiri Mixture ","Grocery (Dark Store)","Snacks & Munchies","90","90","","5","ACTIVE","Namkeen","cmsg176lf000804i3kqt5sa4v",""
"382","Haldiram's Khatta Meetha","Grocery (Dark Store)","Snacks & Munchies","50","50","","6","ACTIVE","Namkeen","cmsg1kar7000704kw9vtoryry",""
"383","Haldiram's Masala Boondi","Grocery (Dark Store)","Snacks & Munchies","55","55","200 g","2","ACTIVE","Namkeen","cmsg2a4iz000j04jurjo2da84",""
"384","Haldiram's Moongfali Dal","Grocery (Dark Store)","Snacks & Munchies","60","60","","5","ACTIVE","Namkeen","cmsg0arig001l04jp9pyc2wnt",""
"385","Haldiram's Navrattan","Grocery (Dark Store)","Snacks & Munchies","50","50","","6","ACTIVE","Namkeen","cmsg0efv0000e04ldgfgakgpu",""
"386","Haldiram's Nut Cracker ","Grocery (Dark Store)","Snacks & Munchies","55","55","","5","ACTIVE","Namkeen","cmsg0ueyq000204ih9m2ie9na",""
"387","Haldiram's Nut Crusher","Grocery (Dark Store)","Snacks & Munchies","65","65","200 g","3","ACTIVE","Namkeen","cmsg22p4t000604juo2cquglu",""
"388","Haldiram's Panchratan","Grocery (Dark Store)","Snacks & Munchies","100","100","","6","ACTIVE","Namkeen","cmsg0pstz001p04jpuc18hopt",""
"389","Haldiram's Shahi Dal Biji","Grocery (Dark Store)","Snacks & Munchies","65","65","","6","ACTIVE","Namkeen","cmsg1a35o001504ldwd7zmy9l",""
"390","Haldiram's Soan Papdi","Grocery (Dark Store)","Snacks & Munchies","320","320","1 kg","6","ACTIVE","","cmseyjkwg000404lacwj6bqsj",""
"391","Hell","Grocery (Dark Store)","Beverages","58","60","1 Can","999","ACTIVE","beverages, chilled, drinks, soft-drink, grocery","cmqhe8e1i000204kzn7a5rs4n",""
"392","Himalaya Purifying Neem Face Wash | 200 ml","Grocery (Dark Store)","Personal Care","299","449","200ml","1","ACTIVE","Facewash","cmqtd88q6000004jxfs2p9oyn",""
"393","Kaju (Good Life W240 Cashew)","Grocery (Dark Store)","Grocery Essential ","629","645","400 g","2","ACTIVE","","cmrekrbes000004l4kmf0wjl3",""
"394","Kellogg's Multigrain Chocos ","Grocery (Dark Store)","Grocery Essential ","129","140","168 g","1","ACTIVE","late-night","cmqteq1cl000004jrigoj1ysv",""
"395","Kissan Mixed Fruit Jam","Grocery (Dark Store)","Grocery Essential ","25","25","95gm","6","ACTIVE","Jam, breakfast","cmqtfrnl0000004jsjt7ydxgp",""
"396","Kissan Mixed Fruit Jam","Grocery (Dark Store)","Kitchen Needs","90","90","200 g","5","ACTIVE","","cmt02icm8000004ihrqbsr5si",""
"397","KitKat ","Grocery (Dark Store)","Chocolates","50","50","","14","ACTIVE","","cmseri48x000p04l4qvqclc76",""
"398","KitKat Chocolate ","Grocery (Dark Store)","Chocolates","30","30","","7","ACTIVE","chocolates, sweets","cmserglqo000m04l4g1tvs0cs",""
"399","Kiwi","Grocery (Dark Store)","Fruits & Vegetables","110","120","4 piece","95","ACTIVE","fresh, produce","cmsszxwzw000204ju8z4ltmp7",""
"400","Knorr Soup","Grocery (Dark Store)","Instant Foods","55","55","40 g","5","ACTIVE","","cmt027k0f000904l2cw1h05rm",""
"401","Lemon ( Nimboo)","Grocery (Dark Store)","Fruits & Vegetables","20","25","","137","ACTIVE","","cmqkw3x24000004l1iaczr6wx",""
"402","Lotte Choco Pie","Grocery (Dark Store)","Snacks & Munchies","159","180","336 g","1","ACTIVE","","cmreofrw4000004jvy9ueeesm",""
"403","Maaza","Grocery (Dark Store)","Beverages","49","50","1 L","999","ACTIVE","beverages, chilled, drinks, soft-drink, grocery","cmqheu2kc000004kzr9v5aq82",""
"404","Macaroni ","Grocery (Dark Store)","Instant Foods","59","59","400 g","5","ACTIVE","","cmsfxhbj7000e04jpquezx1mh",""
"405","Maggi","Grocery (Dark Store)","Instant Foods","115","120","1 Pack (560 gm)","0","ACTIVE","late-night","cmqt9hfjp000004l21h70mkkw",""
"406","Mamaearth Onion Shampoo for Hair Growth","Grocery (Dark Store)","Personal Care","445","599","400ml","1","ACTIVE","personal-care, skincare","cmqtdgjzr000004jxxla4r33g",""
"407","Mamaearth Rice Dewy Bright Face","Grocery (Dark Store)","Personal Care","349","449","150 ml","1","ACTIVE","personal-care, skincare","cmqtefl4h000004l5fb53jgae",""
"408","Mango(Dasehri Aam)","Grocery (Dark Store)","Fruits & Vegetables","59","65","1 kg","46","HIDDEN","fresh, fruits, vegetables","cmqj0wlgv000004l73497qs1g",""
"409","Mango(Tota  Aam)","Grocery (Dark Store)","Fruits & Vegetables","50","55","1 kg","50","HIDDEN","fresh, fruits, vegetables","cmqj0ojv4000004l2g2zys19f",""
"410","Milky Bar","Grocery (Dark Store)","Chocolates","40","40","","7","ACTIVE","","cmsert0x3000404jlps6gfj2o",""
"411","Mineral Water","Grocery (Dark Store)","Beverages","18","20","1 L","999","ACTIVE","beverages, chilled, drinks, soft-drink, grocery","cmqheze1i000004kzr09pr2dn",""
"412","Mortein Combo  (Machine+ Refill)","Grocery (Dark Store)","Home Needs and Cleaning ","100","100","","5","ACTIVE","","cmsgk1bip000504l8vfuy8vfy",""
"413","Musambi ","Grocery (Dark Store)","Fruits & Vegetables","80","85","1 kg","49","ACTIVE","fresh, fruits, vegetables","cmqj0q4vb000104l2fcfjp2lh",""
"414","Namaste India Desi Ghee","Grocery (Dark Store)","Kitchen Needs","250","250","335 ml","2","ACTIVE","","cmsggu65w000004l754u12zzw",""
"415","Nariyal Gari","Grocery (Dark Store)","Fruits & Vegetables","50","55","1 Pc","49","ACTIVE","fresh, fruits, vegetables","cmqj10vnw000204l2uf9t6q4l",""
"416","Nariyal Pani ","Grocery (Dark Store)","Fruits & Vegetables","89","99","1 pc","12","ACTIVE","fresh, fruits, vegetables","cmqj12r6i000004k0y7i9qq01",""
"417","Nivea Men All In One Charcoal with Vitamin C","Grocery (Dark Store)","Personal Care","130","149","50gm","0","ACTIVE","Facewash","cmqtd1l5f000004l51hq0pqav",""
"418","NIVEA MEN Dark Spot Reduction Face Wash","Grocery (Dark Store)","Personal Care","125","129","50 gm","1","ACTIVE","","cmqtfjedn000104l2em2hjv7o",""
"419","Nutrela Soya Mini Chunks","Grocery (Dark Store)","Instant Foods","47","47","200 g","5","ACTIVE","","cmsgh3rdl000204l70p19seqi",""
"420","Odonil Set","Grocery (Dark Store)","Home Needs and Cleaning ","212","212","","2","ACTIVE","","cmsgikdan000104jtdg06y5n7",""
"421","Onion ( Pyaaz)","Grocery (Dark Store)","Fruits & Vegetables","25","30","","14","ACTIVE","","cmqkvcaz4000004l1nzolysqj",""
"422","Orange ","Grocery (Dark Store)","Fruits & Vegetables","140","145","1 kg","49","ACTIVE","fresh, fruits, vegetables","cmqj05ijt000004kzbm9qxmoy",""
"423","Oreo Biscuits ( Jumbo Pack)","Grocery (Dark Store)","Snacks & Munchies","119","144","5 packs ( 459.25 g)","2","ACTIVE","late-night","cmqtcg3ut000004l2jt1qqpi6",""
"424","Parle Hide & Seek Biscuits ","Grocery (Dark Store)","Snacks & Munchies","129","150","413 g","5","ACTIVE","","cmrenhem8000104ky2atxvg3q",""
"425","Parle-G Biscuits","Grocery (Dark Store)","Snacks & Munchies","95","100","800 g","1","ACTIVE","","cmrel1kxv000004l43n9jeozj",""
"426","Parwal","Grocery (Dark Store)","Fruits & Vegetables","35","40","","157","ACTIVE","","cmqky6ixi000004l8cyukixz8",""
"427","Pears Original Glycerin Soap Bar - Pure & Gentle Glow","Grocery (Dark Store)","Personal Care","310","379","5 soaps","1","ACTIVE","bathing-soap","cmqtdl8t0000004jms34soh6u",""
"428","Penne Pasta","Grocery (Dark Store)","Instant Foods","86","132","400 g","5","ACTIVE","","cmsfy0b2u000004jo3kn1e5l6",""
"429","Pepsi ","Grocery (Dark Store)","Beverages","20","20","400 ml","998","ACTIVE","beverages, chilled, drinks, soft-drink, grocery","cmqhemxbd000404kzqufrnq4r",""
"430","Pineapple ( Ananas)","Grocery (Dark Store)","Fruits & Vegetables","80","85","1 pc","50","ACTIVE","fresh, fruits, vegetables","cmqj1q790000004l1l1jxjv6i",""
"431","Pineapple Cake","Grocery (Dark Store)","Bakery ","230","250","","99999","ACTIVE","bakery, cake, cakes","cmqp3k9re000004l8mxlhk3mb",""
"432","Pista (Roasted & Salted Pistachio)","Grocery (Dark Store)","Grocery Essential ","749","799","400 g","2","ACTIVE","","cmrekl5ex000004ie6e5cozcb",""
"433","Poha","Grocery (Dark Store)","Instant Foods","79","89","500 g","5","ACTIVE","","cmsggxjpq000104ld3vt1wph3",""
"434","Pomegranate(Anaar)","Grocery (Dark Store)","Fruits & Vegetables","149","160","1 kg","42","ACTIVE","fresh, fruits, vegetables","cmqizrvzf000004kyjzisnswi",""
"435","Potato (Aalo)","Grocery (Dark Store)","Fruits & Vegetables","25","30","1 pc","92","ACTIVE","","cmqkn5ukr000004i8qzte3gk6",""
"436","Pumpkin ( Kaddu)","Grocery (Dark Store)","Fruits & Vegetables","15","20","","94","ACTIVE","","cmqkts44z000004jldomcvr33",""
"437","Purple Brinjal ( Baigan)","Grocery (Dark Store)","Fruits & Vegetables","40","35","","100","ACTIVE","","cmqkwkgnz000004l8ljmh1hcb",""
"438","Quaker Oats","Grocery (Dark Store)","Instant Foods","60","60","","6","ACTIVE","","cmsfx6igt000304jrd8qzc5i6",""
"439","Real Activ Coconut Water","Grocery (Dark Store)","Beverages","114","178","1 litre","2","ACTIVE","beverages, chilled, drinks, soft-drink, grocery","cmqtenvc8000104lbqimtdi3k",""
"440","Real Fruit Power Masala Mixed Fruit","Grocery (Dark Store)","Beverages","119","150","1 litre","999","ACTIVE","beverages, chilled, drinks, soft-drink, grocery","cmqtevf5f000005jogeuk28q5",""
"441","Red Bull","Grocery (Dark Store)","Beverages","119","125","250 ml","999","ACTIVE","beverages, chilled, drinks, soft-drink, grocery","cmrjn0rdo000104jlx8mdm34e",""
"442","Red Paste |Family Saver Pack","Grocery (Dark Store)","Personal Care","159","213","300gm","1","ACTIVE","","cmqtdwi2m000004jxox2csqny",""
"443","Rex Baking Powder ","Grocery (Dark Store)","Kitchen Needs","32","32","100 g","6","ACTIVE","","cmsf1r4pn000504jrfidjx7eb",""
"444","Saffola Classic Masala Oats","Grocery (Dark Store)","Instant Foods","230","230","500 g","0","ACTIVE","","cmt03g7hl000404ihu5frweun",""
"445","Saffola Masala Oats ","Grocery (Dark Store)","Grocery Essential ","250","260","550gm","0","ACTIVE","breakfast, popular","cmqtf4qcj000004l22q1v2zyj",""
"446","Saffola Oats","Grocery (Dark Store)","Grocery Essential ","62","62","200 g","6","ACTIVE","","cmseyzs74000104jqeubyjdxg",""
"447","Saffola Peppy Tomato Masala Oats","Grocery (Dark Store)","Instant Foods","230","230","500 g","1","ACTIVE","","cmt03hzx7000504jm5628hoxp",""
"448","Saffola Veggie Twist Masala Oats","Grocery (Dark Store)","Instant Foods","230","230","500 g","2","ACTIVE","","cmt03h6it000304jmbakyunpb",""
"449","Seeds, Nuts & Berries","Grocery (Dark Store)","Snacks & Munchies","349","349","","2","ACTIVE","","cmsf1nwzv000204jr0nl66n7o",""
"450","Sewai","Grocery (Dark Store)","Instant Foods","55","55","400 g","4","ACTIVE","","cmsfxpff7000404lanot2x4jw",""
"451","Silk Cadbury  Celebration  ","Grocery (Dark Store)","Chocolates","350","350","","3","ACTIVE","","cmsezpx58000104jwaew9hi8q",""
"452","Sprite","Grocery (Dark Store)","Beverages","20","20","250 ml","999","ACTIVE","beverages, chilled, drinks, soft-drink, grocery","cmqhehn8z000004jsfdy91wjy",""
"453","Sunfeast Dark Fantasy Choco Creme Dark Crunch Cookies","Grocery (Dark Store)","Bakery ","85","98","237 gm","0","ACTIVE","bakery, biscuits, cookies, snacks, grocery","cmqtg5whp000004jsc03h7g3a",""
"454","Taaza Tea","Grocery (Dark Store)","Kitchen Needs","55","55","250 g","2","ACTIVE","","cmt035jtw000c04l2nbagb2lm",""
"455","Tandoori Chicken Masala ","Grocery (Dark Store)","Kitchen Needs","52","52","50 g","10","ACTIVE","","cmsfvnfn3000s04jvsxj2a9hv",""
"456","The Derma Co Sali-Cinamide Anti-Acne Face Wash","Grocery (Dark Store)","Personal Care","349","449","150 ml","1","ACTIVE","Facewash, popular","cmqtekmtv000004lb46usaw8h",""
"457","Thumsup","Grocery (Dark Store)","Beverages","49","50","1 L","998","ACTIVE","beverages, chilled, drinks, soft-drink, grocery","cmqhejcye000004kz09h2u7bt",""
"458","Tomato ( Tamatar)","Grocery (Dark Store)","Fruits & Vegetables","50","60","1 pc","93","ACTIVE","","cmqknc86a000004l14k1zhdmk",""
"459","Unibic Choco Chip Cookies","Grocery (Dark Store)","Snacks & Munchies","179","200","5 packs","2","ACTIVE","","cms34p5u2000404kzd3rohogw",""
"460","Unibic Cookies ","Grocery (Dark Store)","Snacks & Munchies","25","30","67.5 g","7","HIDDEN","","cmrene9nf000104i81ffb8t61",""
"461","Vanilla Dream","Grocery (Dark Store)","Ice Cream","85","85","300 ml","999","ACTIVE","cold-coffee, cold-coffee, cold coffee, iced coffee, iced-coffee, coldcoffee, shake, shakes, veg, restaurant, restaurant","cmqhzcr2l000004icn0x4ex75",""
"462","Veeba Tomato Ketchup ","Grocery (Dark Store)","Grocery Essential ","129","150","1 kg","0","ACTIVE","","cmrek2k6c000104jr73my2hqm",""
"463","Veeba Veg Mayonnaise","Grocery (Dark Store)","Grocery Essential ","199","225","800 g","2","ACTIVE","","cmrek7wd7000004l4vn5tmqhs",""
"464","Veeba Veg Tandoori Mayonnaise","Grocery (Dark Store)","Grocery Essential ","35","50","15 gm","0","ACTIVE","","cmqtg8ew2000004l5h39aolgh",""
"465","Women's Muesli","Grocery (Dark Store)","Grocery Essential ","199","350","350 g","1","ACTIVE","","cmqtdgum1000104jx7dm5f588",""
"466","Yippee! Noodles ","Grocery (Dark Store)","Instant Foods","90","90","6 in one pack (436.6 g)","3","ACTIVE","late-night","cmqtcqern000004jmvuhlzw4j",""
"467","YiPPee! Noodles ","Grocery (Dark Store)","Instant Foods","169","180","726 g ( 10 individual packs)","2","ACTIVE","","cmrefnaa4000104jquhmfplg7",""
"468","Yogabar 10 g Blueberry protein bar ","Grocery (Dark Store)","Snacks & Munchies","49","100","3","0","ACTIVE","","cms3552qc000g04jxztodgnz3",""
"469","Yogabar Millet Museli ","Grocery (Dark Store)","Grocery Essential ","239","285","450 g","1","HIDDEN","","cmqtd3m0b000104l5j8v2fkur",""
"470","Yogabar Protein Oats - Dark Chocolate ","Grocery (Dark Store)","Chocolates","149","200","250 g","0","ACTIVE","chocolates, sweets","cmqtcz0y0000004l261ha4iw4",""