Product ID,Name,Price (₹),MRP (₹),Unit,Assigned Restaurant / Outlet (Type: Grocery / Wedson Restaurant / A.S. Restaurant / Bal Udyan Restaurant),Category Name,Tags,Stock Qty,Is Available (TRUE/FALSE)
cmrubmwbl000304laafxtiuwq,"American cup ",29,30,"1 Pc","Grocery / Kirana","Ice Cream","ice-cream, desserts, as-restaurant, kulfi, cones",99999,TRUE
cmqhfj4wg000004i9xdzx7pm6,"Badam Pista",49,50,"110 ml","Grocery / Kirana","Ice Cream","ice-cream, desserts, as-restaurant, kulfi, cones",99999,FALSE
cmr11i5l2000204jppwayex91,"Belgium Cone",49,50,"110 ml","Grocery / Kirana","Ice Cream","ice-cream, desserts, as-restaurant, kulfi, cones",0,FALSE
cmqhg6i2s000004l5rre98dd1,"Butterscotch ",124,125,"700 ml","Grocery / Kirana","Ice Cream","ice-cream, desserts, as-restaurant, kulfi, cones",99998,FALSE
cmsfrg5b5000e04l1yyvl0o33,"Butterscotch Cone ",20,20,"1 Pc","Grocery / Kirana","Ice Cream","ice-cream, desserts, as-restaurant, kulfi, cones",42,TRUE
cmqhg1ons000104l4fz9uv424,"Casata",49,50,"Qty 1","Grocery / Kirana","Ice Cream","ice-cream, desserts, as-restaurant, kulfi, cones",0,FALSE
cmqvux86n000404icvt0duoax,"Chappan Bhog",149,160,"700 ml","Grocery / Kirana","Ice Cream","ice-cream, desserts, as-restaurant, kulfi, cones",0,FALSE
cmqvuusry000204ic8kxg6tb7,"Choclate",149,160,"700 ml","Grocery / Kirana","Ice Cream","ice-cream, desserts, as-restaurant, kulfi, cones",99999,TRUE
cmqhfy8vg000004jji9091jk7,"Choco Brownie Sundae ",49,50,"Qty 1","Grocery / Kirana","Ice Cream","ice-cream, as-restaurant",99995,TRUE
cmr11hgh0000104jpgkcfbgk0,"Choco Surprise ",40,40,"1 Pc","Grocery / Kirana","Ice Cream","ice-cream, desserts, as-restaurant, kulfi, cones",99999,TRUE
cmqhfd92t000204kz2rasvwig,"Chocolate  Cone",35,35,"1 Serving","Grocery / Kirana","Ice Cream","desserts, desserts, ice-cream, ice cream, kulfi, dessert, sweet, veg, restaurant, restaurant",1998,TRUE
cmqhfoca3000004kzzeo89uce,"Cookie Chips",39,40,"110 ml","Grocery / Kirana","Ice Cream","ice-cream, desserts, as-restaurant, kulfi, cones",0,FALSE
cmqvta0yb000104ic3hvrzjni,"Kruchy Twist",29,30,"1 Pc","Grocery / Kirana","Ice Cream","ice-cream, desserts, as-restaurant, kulfi, cones",99995,TRUE
cmqhfxac2000204l4ncrzkkq4,"Matka Kulfi",59,60,"Qty 1","Grocery / Kirana","Ice Cream","ice-cream, desserts, as-restaurant, kulfi, cones",99996,TRUE
cmqhfu37r000004l4u8tx2von,"MaxYum Almond ",49,50,"Qty 1","Grocery / Kirana","Ice Cream","ice-cream, desserts, as-restaurant, kulfi, cones",99999,TRUE
cmseypfxd000804laak2p1cgx,"Namaste India Choclate Cookies",40,40,"6","Grocery / Kirana","Ice Cream","ice-cream, desserts, as-restaurant",5,TRUE
cmqhfr6fb000004l5gs8c9bsg,"Red Velvet ",29,30,"Qty 1","Grocery / Kirana","Ice Cream","ice-cream, desserts, as-restaurant, kulfi, cones",99999,TRUE
cmqhfvjgq000104l4jzjyxrur,"Shahi Mewa Kulfi",29,30,"Qty 1","Grocery / Kirana","Ice Cream","ice-cream, desserts, as-restaurant, kulfi, cones",99996,TRUE
cmqhg9l74000004i9nnt8lhxb,"Shahi Tukda",97,99,"250 ml","Grocery / Kirana","Ice Cream","ice-cream, desserts, as-restaurant, kulfi, cones",0,FALSE
cmqhg55jp000304l47x2ncvoz,"Strawberry ",124,125,"700 ml","Grocery / Kirana","Ice Cream","ice-cream, desserts, as-restaurant, kulfi, cones",99999,FALSE
cmqhfzomx000004l4urg5mgm7,"Strawberry Sundae ",39,40,"Qty 1","Grocery / Kirana","Ice Cream","ice-cream, desserts, as-restaurant, kulfi, cones",0,TRUE
cmqhfyxnn000104jjkijr9vrp,"Super Duper Sundae ",39,40,"Qty 1","Grocery / Kirana","Ice Cream","ice-cream, desserts, as-restaurant, kulfi, cones",0,TRUE
cmqhg0k8u000004l4kdo9ugla,"Trixy Brownie ",29,30,"Qty 1","Grocery / Kirana","Ice Cream","ice-cream, desserts, as-restaurant, kulfi, cones",0,FALSE
cmqhg5x4m000404l40ial07dy,"Tuti Frutti",172,175,"700 ml","Grocery / Kirana","Ice Cream","ice-cream, desserts, as-restaurant, kulfi, cones",99998,FALSE
cmqhg46kk000204l4en3571ef,"Vanilla",99,100,"700 ml","Grocery / Kirana","Ice Cream","ice-cream, desserts, as-restaurant, kulfi, cones",99999,FALSE
cmrubrdye000004jrq5gxgmkp,"Vanilla cup",19,20,"1 Pc","Grocery / Kirana","Ice Cream","ice-cream, desserts, as-restaurant, kulfi, cones",99997,TRUE
cmqhzcr2l000004icn0x4ex75,"Vanilla Dream",85,85,"300 ml","Grocery / Kirana","Ice Cream","cold-coffee, cold-coffee, cold coffee, iced coffee, iced-coffee, coldcoffee, shake, shakes, veg, restaurant, restaurant",999,TRUE
cmqhfpzwg000104kzm5mvvtfb,"Waaah Aam",29,30,"Qty 1","Grocery / Kirana","Ice Cream","ice-cream, desserts, as-restaurant, kulfi, cones",0,TRUE
cmqheox3i000504kz4kdyx8cs,"Campa",20,20,"500 ml","Grocery / Kirana","Beverages","beverages, as-restaurant, chilled, drinks, soft-drink, grocery",999,TRUE
cmqhem3yg000304kza2tpu1ba,"Dew",20,20,"400 ml","Grocery / Kirana","Beverages","beverages, as-restaurant, chilled, drinks, soft-drink, grocery",999,TRUE
cmqhe6s0o000004kzr37pdot9,"Diet Coke",29,30,"1 Can","Grocery / Kirana","Beverages","beverages, as-restaurant, chilled, drinks, soft-drink, grocery",0,TRUE
cmqhe7hqy000104kzdhz09g0l,"Energy Campa",29,30,"1 Can","Grocery / Kirana","Beverages","beverages, as-restaurant, chilled, drinks, soft-drink, grocery",99999,FALSE
cmqhe8e1i000204kzn7a5rs4n,"Hell",58,60,"1 Can","Grocery / Kirana","Beverages","beverages, as-restaurant, chilled, drinks, soft-drink, grocery",999,TRUE
cmqheu2kc000004kzr9v5aq82,"Maaza",49,50,"1 L","Grocery / Kirana","Beverages","beverages, as-restaurant, chilled, drinks, soft-drink, grocery",999,TRUE
cmqheze1i000004kzr09pr2dn,"Mineral Water",18,20,"1 L","Grocery / Kirana","Beverages","beverages, as-restaurant, chilled, drinks, soft-drink, grocery",999,TRUE
cmqhemxbd000404kzqufrnq4r,"Pepsi ",20,20,"400 ml","Grocery / Kirana","Beverages","beverages, as-restaurant, chilled, drinks, soft-drink, grocery",998,TRUE
cmqtenvc8000104lbqimtdi3k,"Real Activ Coconut Water",119,178,"1 litre","Grocery / Kirana","Beverages","beverages, as-restaurant, chilled, drinks, soft-drink, grocery",999,TRUE
cmqtevf5f000005jogeuk28q5,"Real Fruit Power Masala Mixed Fruit",119,150,"1 litre","Grocery / Kirana","Beverages","beverages, as-restaurant, chilled, drinks, soft-drink, grocery",999,TRUE
cmrjn0rdo000104jlx8mdm34e,"Red Bull",119,125,"250 ml","Grocery / Kirana","Beverages","beverages, as-restaurant, chilled, drinks, soft-drink, grocery",999,TRUE
cmqhehn8z000004jsfdy91wjy,"Sprite ",20,20,"250 ml","Grocery / Kirana","Beverages","beverages, as-restaurant, chilled, drinks, soft-drink, grocery",999,TRUE
cmqhejcye000004kz09h2u7bt,"Thumsup",49,50,"1 L","Grocery / Kirana","Beverages","beverages, as-restaurant, chilled, drinks, soft-drink, grocery",998,TRUE
cmqhvntew000104jx1l1oa4q6,"Aaloo Masala Sandwitch",70,70,"Qty 1","A.S. Restaurant","Fruits & Vegetables","sandwiches, sandwiches, sandwich, veg, restaurant, restaurant",999,TRUE
cmsegha5e000g04kzrtvv6dg6,"Achari Paneer Tikka ",220,220,"1 Pc","Bal Udyan Restaurant","Fruits & Vegetables","tandoori-nawab-nawab, restaurant",999,TRUE
cmrmyymkv000304jptvgw7yjq,"Afghani Paneer Tikka",269,269,"1 Pc","Wedson Restaurant","Fruits & Vegetables","restaurant, tandoori-nawab-nawab",999,TRUE
cmsegd9n2000h04ldaku65c19,"Afghani Paneer Tikka ",249,249,"1 Pc","Bal Udyan Restaurant","Fruits & Vegetables","tandoori-nawab-nawab, restaurant",999,TRUE
cmse8e1gh000704jwdsg3ex00,"Aloo Kulcha",55,55,"1 Pc","Bal Udyan Restaurant","Fruits & Vegetables","roti-naan-kulcha, restaurant",999,TRUE
cmsdlda0u000404ky6qalxjv3,"Aloo Paratha ",80,80,"1 Pc","Bal Udyan Restaurant","Fruits & Vegetables","breakfast, restaurant",999,TRUE
cmrlvq7th000204jr4pmfpbbd,"Aloo Paratha (2 Pc)",99,99,"1 Pc","Wedson Restaurant","Fruits & Vegetables","restaurant, breakfast",999,FALSE
cmrlvtp5x000104l7wz43zkxl,"Aloo Paratha with Curd",139,139,"1 Pc","Wedson Restaurant","Fruits & Vegetables","restaurant, breakfast",999,FALSE
cmsdn6ct9000104ji5g9vuc2c,"Amritsari Chole",199,199,"1 Pc","Bal Udyan Restaurant","Fruits & Vegetables","main-course, restaurant",999,TRUE
cmqkyciyn000004iomgn3dk0h,"Arbi (Ghuiya)",35,40,"1 Pc","Grocery / Kirana","Fruits & Vegetables","",98,TRUE
cmsdn9w4r000204k1mjjm29k1,"Bal Udyan Special Paneer",290,290,"1 Pc","Bal Udyan Restaurant","Fruits & Vegetables","main-course, restaurant",999,TRUE
cmqijdhjm000004l1zaxjnje6,"Banana",70,80,"1 Dozen","Grocery / Kirana","Fruits & Vegetables","fresh, fruits, vegetables, breakfast",30,TRUE
cmqkw9dai000004k12ylwet53,"Bhindi",25,30,"1 Pc","Grocery / Kirana","Fruits & Vegetables","",95,TRUE
cmqhz0yci000304jufb2qkdmn,"Blue Lagoon Mojito",80,80,"300 ml","A.S. Restaurant","Fruits & Vegetables","mocktails, mocktails, mocktail, coolers, cooler, mojito, veg, restaurant, restaurant",999,TRUE
cmqktomuu000004l2z5d49u8r,"Bottle guard ( Lauki)",15,20,"1 Pc","Grocery / Kirana","Fruits & Vegetables","",90,TRUE
cmrlwb6au000004l77w8i6gzs,"Bread Omlette ",99,99,"1 Pc","Wedson Restaurant","Fruits & Vegetables","restaurant, breakfast",999,FALSE
cmqifvqlc000004jshcp8b9s2,"Butter Masala Dosa",75,75,"1 Plate","A.S. Restaurant","Fruits & Vegetables","south-indian, south-indian, south indian, dosa, veg, restaurant, restaurant",999,TRUE
cmqifxp7m000104js435y9tki,"Butter Masala Paneer Dosa",90,90,"1 Plate","A.S. Restaurant","Fruits & Vegetables","south-indian, south-indian, south indian, dosa, veg, restaurant, restaurant",999,TRUE
cmrm16cex000104jzrdd5ak3o,"Butter Naan",40,40,"1 Naan","Wedson Restaurant","Fruits & Vegetables","restaurant, roti-naan-kulcha",999,TRUE
cmse8c1sl000604jwjoyutg94,"Butter Naan",30,30,"1 Pc","Bal Udyan Restaurant","Fruits & Vegetables","roti-naan-kulcha, restaurant",999,TRUE
cmqifzr6s000204jsul1rpd2c,"Butter Paneer Dosa",110,110,"1 Plate","A.S. Restaurant","Fruits & Vegetables","south-indian, south-indian, south indian, dosa, veg, restaurant, restaurant",999,TRUE
cmqrr3h59000004jybdt8dzx0,"Butter Paneer Pav bhaji",90,90,"1 Plate","A.S. Restaurant","Fruits & Vegetables","pav-bhaji, pav-bhaji, pav bhaji, pavbhaji, veg, restaurant, restaurant",999,TRUE
cmqifu59o000j04l461989y9s,"Butter Paper Dosa",50,50,"1 Plate","A.S. Restaurant","Fruits & Vegetables","south-indian, south-indian, south indian, dosa, veg, restaurant, restaurant",999,TRUE
cmqrr1vvz000004ldl3husnlc,"Butter Pavbhaji",75,75,"1 Plate","A.S. Restaurant","Fruits & Vegetables","pav-bhaji, pav-bhaji, pav bhaji, pavbhaji, veg, restaurant, restaurant",998,TRUE
cmrss4lo7000304jxv5rckk78,"Butter scotch Shake",119,119,"1 Pc","Wedson Restaurant","Fruits & Vegetables","shake, restaurant",999,TRUE
cmrubtlws000204l1sb2ty6m6,"Butterscotch Cup",19,20,"1 Pc","Bal Udyan Restaurant","Fruits & Vegetables","ice-cream, desserts, kulfi, cones",999,FALSE
cmqhzmodz000104icef59dlgf,"Butterscotch Shake",85,85,"300 ml","A.S. Restaurant","Fruits & Vegetables","shakes, shakes, shake, milkshake, milkshakes, veg, restaurant, restaurant",999,TRUE
cmqku03pl000004l2zfpre4or,"Cabbage  (Bandha)",45,50,"1 pcs","Grocery / Kirana","Fruits & Vegetables","",48,TRUE
cmqkv8bo1000004l5xv73vhgc,"Capsicum (Shimla)",35,40,"1 Pc","Grocery / Kirana","Fruits & Vegetables","",97,TRUE
cmqht67tu000104jmsqnu8acz,"Capsicum Pizza",109,119,"Qty 1","A.S. Restaurant","Fruits & Vegetables","pizza, restaurant",998,TRUE
cmrt07a4f000104jpynr4oqs9,"Capsicum Tomato Onion Pizza ",199,199,"1 Pc","Wedson Restaurant","Fruits & Vegetables","restaurant, pizza",999,TRUE
cmqkvhik6000004l5gb0d05y1,"Carrot ( Gajar)",35,40,"1 Pc","Grocery / Kirana","Fruits & Vegetables","",98,TRUE
cmqky7val000104l8zcpiqth6,"Cauliflower (Gobhi)",70,80,"1 pcs","Grocery / Kirana","Fruits & Vegetables","",0,TRUE
cmsed9oqz000v04kvbp0a07kb,"Cheese Balls",130,130,"1 Pc","Bal Udyan Restaurant","Fruits & Vegetables","starter, restaurant",999,TRUE
cmrt3tslm000504jp5to4241z,"Cheese Burger",79,79,"1 Pc","Wedson Restaurant","Fruits & Vegetables","burger, restaurant",999,TRUE
cmrswq0qj000004lbowxwc4lg,"Cheese Chigar Roll",199,199,"1 Pc","Wedson Restaurant","Fruits & Vegetables","restaurant, starter",999,TRUE
cmsec8orc000004kvgi8ynd10,"Cheese Sigar Roll",140,140,"1 Pc","Bal Udyan Restaurant","Fruits & Vegetables","starter, restaurant",999,TRUE
cmqigj0ck000204l88l6148ni,"Cheeze Baking Pasta",135,135,"1 Plate","A.S. Restaurant","Fruits & Vegetables","italian-pasta, italian-pasta, italian-pastas, italian pasta's, pasta, veg, restaurant, restaurant",999,TRUE
cmqhv443d000204ib5occu1ux,"Cheeze Burger",65,65,"Qty 1","A.S. Restaurant","Fruits & Vegetables","burgers, burgers, burger, veg-burger, cheese-burger, paneer-burger, veg, restaurant, restaurant",999,TRUE
cmqj7ilwq000004l520l9p1a0,"Cheeze Frankie Roll",85,85,"1 Roll","A.S. Restaurant","Fruits & Vegetables","frankie-rolls, frankie-rolls, frankie rolls, frankie-roll, frankie roll, rolls, roll, kathi roll, kathi-roll, veg, restaurant, restaurant",999,TRUE
cmqhxu43w000004l8suhk40k1,"Cheeze Garlic Bread",95,95,"Qty 1 ( 4 pcs)","A.S. Restaurant","Fruits & Vegetables","garlic-bread, garlic-bread, garlic bread, garlic-breads, veg, restaurant, restaurant",999,TRUE
cmqhvqqji000304jx0gvc4fu1,"Cheeze Sandwitch",85,85,"Qty 1","A.S. Restaurant","Fruits & Vegetables","sandwiches, sandwiches, sandwich, veg, restaurant, restaurant",999,TRUE
cmqhthroi000004jm7qs4w6yg,"Cheezy Paneer Pizza",129,139,"Qty 1","A.S. Restaurant","Fruits & Vegetables","pizza, restaurant",998,TRUE
cmqi29esq000104jul11c2g04,"Chili Garlic Noodles",95,95,"1 Plate","A.S. Restaurant","Fruits & Vegetables","chinese, chinese, chinese-cuisine, chinese cuisine, veg, restaurant, restaurant",997,TRUE
cmqjdrdpt000004jsmk69y8tb,"Chili Garlic Rice",95,95,"1 Plate","A.S. Restaurant","Fruits & Vegetables","rice-dishes, rice-dishes, rice dishes, rice-dish, rice dish, biryani, pulav, veg, restaurant, restaurant",999,TRUE
cmqi33m21000004jj1jm44pjh,"Chili Paneer",145,145,"1 Plate","A.S. Restaurant","Fruits & Vegetables","chinese, chinese, chinese-cuisine, chinese cuisine, veg, restaurant, restaurant",999,TRUE
cmqi2saaw000004l79ak7g2sr,"Chili Potato",95,95,"1 Plate","A.S. Restaurant","Fruits & Vegetables","chinese, chinese, chinese-cuisine, chinese cuisine, veg, restaurant, restaurant",996,TRUE
cmrm186ze000004l7yr23turt,"Chilli Garlic Naan",69,69,"1 Naan","Wedson Restaurant","Fruits & Vegetables","restaurant, roti-naan-kulcha",999,TRUE
cmseddpb5000104l4bxq4dz2h,"Chilli Mushroom ",225,225,"1 Pc","Bal Udyan Restaurant","Fruits & Vegetables","starter, restaurant",999,TRUE
cmsedbns5000104l6vltn20ag,"Chilli Paneer",199,199,"1 Plate","Bal Udyan Restaurant","Fruits & Vegetables","starters-tandoori, special-starters, tandoori-nawab-nawab, starter, starters, kebabs, tikka, chaap, veg, restaurant, restaurant",999,TRUE
cmrsrjxhp000204ktwuv4eqxx,"Choclate Shake",113,119,"1 Pc","Wedson Restaurant","Fruits & Vegetables","desserts, shake, shakes, ice-cream",999,TRUE
cmqhzjf0x000004l13sdhh9ws,"Choco Delight",85,85,"300 ml","A.S. Restaurant","Fruits & Vegetables","cold-coffee, cold-coffee, cold coffee, iced coffee, iced-coffee, coldcoffee, shake, shakes, veg, restaurant, restaurant",999,TRUE
cmqhztm5k000004jud47mx8o0,"Chocolate Shake",90,90,"300 ml","A.S. Restaurant","Fruits & Vegetables","shakes, shakes, shake, milkshake, milkshakes, veg, restaurant, restaurant",999,TRUE
cmsdlgl7e000004l2ibqytuun,"Chola Kulcha",110,110,"1 Pc","Bal Udyan Restaurant","Fruits & Vegetables","breakfast, restaurant",999,TRUE
cmrluzvl1000104l6e65kbwvs,"Chola Kulcha ( 2 Pc)",149,149,"1 Pc","Wedson Restaurant","Fruits & Vegetables","restaurant, breakfast",999,FALSE
cmsdlhz7j000304l266vxi7sp,"Chola Paneer Kulcha",129,129,"1 Pc","Bal Udyan Restaurant","Fruits & Vegetables","breakfast, restaurant",999,TRUE
cmsdl3o7z000104kyfe3g61yg,"Chole Bhature",110,110,"2 pc","Bal Udyan Restaurant","Fruits & Vegetables","breakfast, paratha, poori, chole-bhature, nashta, poha, veg, restaurant",997,TRUE
cmrluylaw000004l6vf9rhjgc,"Chole Bhature (2Pc)",129,129,"1 Pc","Wedson Restaurant","Fruits & Vegetables","restaurant, breakfast",999,FALSE
cmqhykgmz000004jucm99q59h,"Classic Cold Coffee",60,60,"300ml","A.S. Restaurant","Fruits & Vegetables","shakes, shakes, shake, milkshake, milkshakes, veg, restaurant, restaurant",990,TRUE
cmqhe2f60000004js1qdbd61j,"Coca Cola ",29,30,"1 Can","Bal Udyan Restaurant","Fruits & Vegetables","beverages, chilled, drinks, soft-drink",999,FALSE
cmrsxo4uk000404l9roou2ogp,"Corn Cheese Ball",149,149,"1 Pc","Wedson Restaurant","Fruits & Vegetables","restaurant, starter",999,TRUE
cmrt08rum000204jpj1zgzdu6,"Corn Cheese Pizza",199,199,"1 Pc","Wedson Restaurant","Fruits & Vegetables","pizza, restaurant",999,TRUE
cmsecxl1j000504kvmtkvqrms,"Corn Cheeze Ball",130,130,"1 Pc","Bal Udyan Restaurant","Fruits & Vegetables","starter, restaurant",999,TRUE
cmqhv7a50000104jxa8x5anbw,"Corn Cheeze Burger",80,80,"Qty 1","A.S. Restaurant","Fruits & Vegetables","burgers, burgers, burger, veg-burger, cheese-burger, paneer-burger, veg, restaurant, restaurant",999,TRUE
cmqhxvnfr000004jxq2npqa3s,"Corn Cheeze Garlic Bread",105,105,"Qty 1 (4 Pcs)","A.S. Restaurant","Fruits & Vegetables","garlic-bread, garlic-bread, garlic bread, garlic-breads, veg, restaurant, restaurant",999,TRUE
cmqhvw0f8000104i8i4549ujo,"Corn Cheeze Sandwitch",90,90,"Qty 1","A.S. Restaurant","Fruits & Vegetables","sandwiches, sandwiches, sandwich, veg, restaurant, restaurant",999,TRUE
cmseeaqi9000304jy6sxl6y0t,"Crispy Corn ",149,149,"1 Pc","Bal Udyan Restaurant","Fruits & Vegetables","starter, restaurant",999,TRUE
cmqknhwh9000004i82podj2w7,"Cucumber  (Kheera)",70,80,"1 pc","Grocery / Kirana","Fruits & Vegetables","",100,TRUE
cmsedk7o0000404jpja0plzms,"Dahi ke Kabab",149,149,"1 Pc","Bal Udyan Restaurant","Fruits & Vegetables","starter, restaurant",999,TRUE
cmru4tsz7000c04jovcpga6h3,"Dahi ke Kebab",199,199,"1 Pc","Wedson Restaurant","Fruits & Vegetables","restaurant, special-starters",999,TRUE
cmsegqv52000d04ju3hizxhs5,"Dal Fry",120,120,"1 Pc","Bal Udyan Restaurant","Fruits & Vegetables","dal, restaurant",999,TRUE
cmrmgwve5000104lexwyi9zib,"Dal Fry",139,139,"1 Pc","Wedson Restaurant","Fruits & Vegetables","restaurant, dal",998,TRUE
cmrmh8a1c000004l182ri9eo8,"Dal Jeera Se",149,149,"1 Pc","Wedson Restaurant","Fruits & Vegetables","dal, restaurant",999,TRUE
cmrmgyxvq000204jspcd2gq1i,"Dal Makhani",219,219,"1 Pc","Wedson Restaurant","Fruits & Vegetables","restaurant, dal",999,TRUE
cmsegs7fw000i04juj0rlaxhq,"Dal Makhani ",180,180,"1 Pc","Bal Udyan Restaurant","Fruits & Vegetables","dal, restaurant",999,TRUE
cmrmgxs81000104jssg6x3tdb,"Dal tadka",169,169,"1 Pc","Wedson Restaurant","Fruits & Vegetables","restaurant, dal",999,TRUE
cmsegrkv9000g04jufcn3b1v5,"Dal Tadka",149,149,"1 Pc","Bal Udyan Restaurant","Fruits & Vegetables","dal, restaurant",999,TRUE
cmqhtemk7000004i6oc8bc5ee,"Desi Style Pizza",129,139,"Qty 1","A.S. Restaurant","Fruits & Vegetables","pizza, restaurant",999,TRUE
cmrt3sf7u000204jpvz39vqv7,"Double Tikki Burger ",89,89,"1 Pc","Wedson Restaurant","Fruits & Vegetables","burger, restaurant",999,TRUE
cmqj19zrs000004lb405f3g1n,"Dragon Fruit ",80,85,"1 pc ","Grocery / Kirana","Fruits & Vegetables","fresh, fruits, vegetables",47,TRUE
cmqrr4sb4000104jy5bossral,"Extra Pav",25,39,"1 Pav ( 3Pcs)","A.S. Restaurant","Fruits & Vegetables","pav-bhaji, restaurant",999,TRUE
cmsee6l2f000104jytdauw6o0,"Extra Pav ",30,30,"1 Pc","Bal Udyan Restaurant","Fruits & Vegetables","starter, restaurant",999,TRUE
cmsecwr2g000404kvj5uc0tr2,"French Fries ",79,79,"1 Pc","Bal Udyan Restaurant","Fruits & Vegetables","starter, restaurant",999,TRUE
cmqi40nph000204l4doqm7pvl,"French Fries/ Finger",50,50,"1 Plate","A.S. Restaurant","Fruits & Vegetables","hot-bite, hot-bite, snacks, momos, veg, restaurant, restaurant",997,TRUE
cmqij41kj000004l7zi217u83,"Fresh Apples",230,250,"1 kg","Grocery / Kirana","Fruits & Vegetables","fresh, fruits, vegetables, breakfast",37,TRUE
cmqkvkbn2000104l5tksmvbmy,"Garlic (Lahsun)",65,80,"1 Pc","Grocery / Kirana","Fruits & Vegetables","",30,TRUE
cmrm178zr000204jzhwyifbf4,"Garlic Naan",59,59,"1 Naan","Wedson Restaurant","Fruits & Vegetables","restaurant, roti-naan-kulcha",999,TRUE
cmse8ki1y000404lalyxste54,"Garlic Naan",50,50,"1 Pc","Bal Udyan Restaurant","Fruits & Vegetables","roti-naan-kulcha, restaurant",999,TRUE
cmqknppqv000004i8rog9jorb,"Ginger (Adrak)",50,60,"1 pc","Grocery / Kirana","Fruits & Vegetables","",97,TRUE
cmqj1djwx000104lbs9z4mcr9,"Grapes(Angoor)",160,165,"1kg","Grocery / Kirana","Fruits & Vegetables","",47,TRUE
cmqhz56ri000004juemwv5bqn,"Green Apple Mojito",80,80,"300 ml","A.S. Restaurant","Fruits & Vegetables","mocktails, mocktails, mocktail, coolers, cooler, mojito, veg, restaurant, restaurant",999,TRUE
cmqkwd383000004l1c9xtga57,"Green Brinjal (Baigan)",25,30,"1 Pc","Grocery / Kirana","Fruits & Vegetables","",96,TRUE
cmqktjc3n000004ldxa279qoe,"Green Chili (Hari Mirch)",25,30,"1 Pc","Grocery / Kirana","Fruits & Vegetables","",96,TRUE
cmqktxom8000004ibncjatoqx,"Green Corriander (Hari Dhaniya)",15,20,"1 Pc","Grocery / Kirana","Fruits & Vegetables","",137,TRUE
cmqhyzera000204juu848lxrz,"Green Mint Mojito",80,80,"300 ml","A.S. Restaurant","Fruits & Vegetables","mocktails, mocktails, mocktail, coolers, cooler, mojito, veg, restaurant, restaurant",999,TRUE
cmrz8g1uk000g04l7jjp3mmy6,"Hakka Noodles",159,159,"1 Pc","Wedson Restaurant","Fruits & Vegetables","restaurant, special-starters",999,TRUE
cmqi1vyf3000004l8lf96p8qt,"Hakka Noodles",85,85,"1 Plate","A.S. Restaurant","Fruits & Vegetables","chinese, chinese, chinese-cuisine, chinese cuisine, veg, restaurant, restaurant",999,TRUE
cmsdmpw6v000204lesdu8r1yy,"Handi Paneer",249,249,"1 Pc","Bal Udyan Restaurant","Fruits & Vegetables","restaurant, main-course",998,TRUE
cmrlmq9ia000904l58smri8vt,"Handi Paneer",299,299,"1 Pc","Wedson Restaurant","Fruits & Vegetables","restaurant, main-course",999,TRUE
cmsechdyg000304jok87rnrqw,"Hara Bhara Kabab ",140,140,"1 Pc","Bal Udyan Restaurant","Fruits & Vegetables","starter, restaurant",999,TRUE
cmru4yl1q000304i8zehivp8a,"Hariyali Paneer Tikka",219,219,"1 Pc","Wedson Restaurant","Fruits & Vegetables","special-starters, restaurant",999,TRUE
cmsedhkb1000404l4l8hbmoll,"Honey Chilli Potato ",169,169,"1 Pc","Bal Udyan Restaurant","Fruits & Vegetables","starter, restaurant",999,TRUE
cmrmfmc32000205jso77x37o0,"Hydrabadi Handi Biryani ",249,249,"1 Pc","Wedson Restaurant","Fruits & Vegetables","restaurant, basmati-rice-/-biryani",999,TRUE
cmqhtp68g000004i6zpv2x2vs,"Italian Pizza",129,139,"Qty 1","A.S. Restaurant","Fruits & Vegetables","pizza, restaurant",999,TRUE
cmrmf3dma000104joh21t7a2b,"Jeera Rice",129,129,"1 Pc","Wedson Restaurant","Fruits & Vegetables","restaurant, basmati-rice-/-biryani",999,TRUE
cmrlmvzcb000004l56sy2t36p,"Kadhai Mushroom ",249,249,"1 Pc","Wedson Restaurant","Fruits & Vegetables","restaurant, main-course",999,TRUE
cmrlmx4xa000104l5s7bvtwfg,"Kadhai Paneer",249,249,"1 Pc","Wedson Restaurant","Fruits & Vegetables","restaurant, main-course",998,TRUE
cmsdmfryt000404l78a0wbwle,"Kadhai Paneer ",239,239,"1 Pc","Bal Udyan Restaurant","Fruits & Vegetables","main-course, restaurant",999,TRUE
cmsszxwzw000204ju8z4ltmp7,"Kiwi",110,120,"4 piece","Grocery / Kirana","Fruits & Vegetables","fresh, produce",95,TRUE
cmse8n44x000704la72kq1nsv,"Lachcha Paratha",30,30,"1 Pc","Bal Udyan Restaurant","Fruits & Vegetables","roti-naan-kulcha, restaurant",999,TRUE
cmrm1cpup000604l7kljgum7w,"Lachha Paratha ",39,39,"1 Paratha","Wedson Restaurant","Fruits & Vegetables","restaurant, roti-naan-kulcha",999,TRUE
cmqkw3x24000004l1iaczr6wx,"Lemon ( Nimboo)",20,25,"1 Pc","Grocery / Kirana","Fruits & Vegetables","",137,TRUE
cmsdlmtfi000904l1plhv5bds,"Maggie",70,70,"1 Pc","Bal Udyan Restaurant","Fruits & Vegetables","breakfast, restaurant",999,TRUE
cmqi2xyx5000004jj44kl54wt,"Manchurian",95,95,"1 Plate","A.S. Restaurant","Fruits & Vegetables","chinese, chinese, chinese-cuisine, chinese cuisine, veg, restaurant, restaurant",999,TRUE
cmqj0wlgv000004l73497qs1g,"Mango(Dasehri Aam)",59,65,"1 kg","Grocery / Kirana","Fruits & Vegetables","fresh, fruits, vegetables",46,FALSE
cmqj0ojv4000004l2g2zys19f,"Mango(Tota  Aam)",50,55,"1 kg","Grocery / Kirana","Fruits & Vegetables","fresh, fruits, vegetables",50,FALSE
cmqhr6jb4000004kyqmmyp7vt,"Margherita Pizza",99,109,"Qty 1","A.S. Restaurant","Fruits & Vegetables","pizza, restaurant",999,TRUE
cmrlmuw8i000104l74y76d28i,"Matar Mushroom ",249,249,"1 Pc","Wedson Restaurant","Fruits & Vegetables","restaurant, main-course",999,TRUE
cmrlmr8xn000a04l50b7umfb1,"Matar Paneer",239,239,"1 Pc","Wedson Restaurant","Fruits & Vegetables","main-course, restaurant",999,TRUE
cmsdmgnrz000604l7peuxmqsb,"Matar Paneer ",200,200,"1 Pc","Bal Udyan Restaurant","Fruits & Vegetables","main-course, restaurant",998,TRUE
cmrmf5oj6000204jockdd0qni,"Matar Pulav",139,139,"1 Pc","Wedson Restaurant","Fruits & Vegetables","restaurant, basmati-rice-/-biryani",999,TRUE
cmse842fn000904l8r120d3v6,"Missi Roti",25,25,"1 Pc","Bal Udyan Restaurant","Fruits & Vegetables","roti-naan-kulcha, restaurant",999,TRUE
cmrm199qj000104l79guia4eq,"Missi Roti",39,39,"1 Roti","Wedson Restaurant","Fruits & Vegetables","restaurant, roti-naan-kulcha",999,TRUE
cmseejw1w001j04kv7oiuzm1c,"Mix Pakodi",100,100,"1 Pc","Bal Udyan Restaurant","Fruits & Vegetables","starter, restaurant",999,TRUE
cmsdltm2e000704jl3mab5vac,"Mix Paratha ",90,90,"1 Pc","Bal Udyan Restaurant","Fruits & Vegetables","breakfast, restaurant",999,TRUE
cmqigtmrg000004l11nz6jo3v,"Mix Sauce Pasta",125,125,"1 Plate","A.S. Restaurant","Fruits & Vegetables","italian-pasta, italian-pasta, italian-pastas, italian pasta's, pasta, veg, restaurant, restaurant",999,TRUE
cmqhxy8rt000204jxepz12vcs,"Mix Veg Garlic Bread",110,110,"Qty 1 (4 Pcs)","A.S. Restaurant","Fruits & Vegetables","garlic-bread, garlic-bread, garlic bread, garlic-breads, veg, restaurant, restaurant",999,TRUE
cmsdndssi000404k1yys6qhiz,"Mix Vegetable ",199,199,"1 Pc","Bal Udyan Restaurant","Fruits & Vegetables","main-course, restaurant",999,TRUE
cmsdls2l4000504jlcsp8x3ej,"Muli Paratha",80,80,"1 Pc","Bal Udyan Restaurant","Fruits & Vegetables","breakfast, restaurant",999,TRUE
cmqj0q4vb000104l2fcfjp2lh,"Musambi ",80,85,"1 kg","Grocery / Kirana","Fruits & Vegetables","fresh, fruits, vegetables",49,TRUE
cmrlmszdd000c04l5jxtecg3t,"Mushroom do pyaaza ",249,249,"1 Pc","Wedson Restaurant","Fruits & Vegetables","main-course, restaurant",999,TRUE
cmrmz9eeb000004kzx2kogy0b,"Mushroom Malai Tikka",249,249,"1 Pc","Wedson Restaurant","Fruits & Vegetables","restaurant, tandoori-nawab-nawab",999,TRUE
cmrlmu2gh000004l7fysthp1q,"Mushroom Masala ",249,249,"1 Pc","Wedson Restaurant","Fruits & Vegetables","restaurant, main-course",999,TRUE
cmsegeeng000404l86cowx2kp,"Mushroom Tikka ",220,220,"1 Pc","Bal Udyan Restaurant","Fruits & Vegetables","tandoori-nawab-nawab, restaurant",999,TRUE
cmsegf9lv000i04ldlv3qg9sm,"Mushroom Tikka Malai",249,249,"1 Pc","Bal Udyan Restaurant","Fruits & Vegetables","tandoori-nawab-nawab, restaurant",999,TRUE
cmrmz20np000404jp6irdfppn,"Mushroom Tikka Masala ",239,239,"1 Pc","Wedson Restaurant","Fruits & Vegetables","restaurant, tandoori-nawab-nawab",999,TRUE
cmqj10vnw000204l2uf9t6q4l,"Nariyal Gari",50,55,"1 Pc","Grocery / Kirana","Fruits & Vegetables","fresh, fruits, vegetables",49,TRUE
cmqj12r6i000004k0y7i9qq01,"Nariyal Pani ",89,99,"1 pc","Grocery / Kirana","Fruits & Vegetables","fresh, fruits, vegetables",12,TRUE
cmqkvcaz4000004l1nzolysqj,"Onion ( Pyaaz)",25,30,"1 Pc","Grocery / Kirana","Fruits & Vegetables","",14,TRUE
cmse8o68v000804lajfl4vd4n,"Onion Kulcha",55,55,"1 Pc","Bal Udyan Restaurant","Fruits & Vegetables","roti-naan-kulcha, restaurant",999,TRUE
cmqhrugyu000004i98zvpckjq,"Onion Pizza",109,119,"Qty 1","A.S. Restaurant","Fruits & Vegetables","pizza, restaurant",999,TRUE
cmqj05ijt000004kzbm9qxmoy,"Orange ",140,145,"1 kg","Grocery / Kirana","Fruits & Vegetables","fresh, fruits, vegetables",49,TRUE
cmqhzvpd3000104l1zw5ckyhs,"Oreo Chocolate Shake",100,100,"300 ml","A.S. Restaurant","Fruits & Vegetables","shakes, shakes, shake, milkshake, milkshakes, veg, restaurant, restaurant",999,TRUE
cmrsrzdeq000304kte45vq50j,"Oreo Shake",119,119,"1 Pc","Wedson Restaurant","Fruits & Vegetables","shake, restaurant",999,TRUE
cmsdmle88000404l9qf8te46e,"Palak Paneer",125,125,"1 Pc","Bal Udyan Restaurant","Fruits & Vegetables","main-course, restaurant",999,TRUE
cmsed8908000104jpzcbqokt0,"Paneer 65",130,130,"1 Pc","Bal Udyan Restaurant","Fruits & Vegetables","starter, restaurant",999,TRUE
cmsdmhqj3000205l6f9i3x09q,"Paneer Bhurji",199,199,"Full plate","Bal Udyan Restaurant","Fruits & Vegetables","main-course, north-indian, curry, dal-makhani, paneer-butter-masala, paneer, main-course, dal, veg, restaurant, restaurant",99999,TRUE
cmrlmp3cg000404l5eqemt275,"Paneer Bhurji",249,249,"1 Pc","Wedson Restaurant","Fruits & Vegetables","main-course, restaurant",999,TRUE
cmrt3vbmg000704jpx4tcnvd5,"Paneer Burger",109,109,"1 Pc","Wedson Restaurant","Fruits & Vegetables","burger, restaurant",999,TRUE
cmqhv2kmm000104ib8qg2hypi,"Paneer Burger",50,50,"Qty 1","A.S. Restaurant","Fruits & Vegetables","burgers, burgers, burger, veg-burger, cheese-burger, paneer-burger, veg, restaurant, restaurant",991,TRUE
cmsdmczca000104l7nbptmnn0,"Paneer Butter Masala",225,225,"Full ","Bal Udyan Restaurant","Fruits & Vegetables","main-course, north-indian, curry, dal-makhani, paneer-butter-masala, paneer, main-course, dal, veg, restaurant, restaurant",9999,TRUE
cmrl24qmo000004jr7ev2408f,"Paneer Butter Masala ",239,239,"1 Pc","Wedson Restaurant","Fruits & Vegetables","restaurant, main-course",999,TRUE
cmqhv67ku000004jxd0rt6tz2,"Paneer Cheeze Burger",75,75,"Qty 1","A.S. Restaurant","Fruits & Vegetables","burgers, burgers, burger, veg-burger, cheese-burger, paneer-burger, veg, restaurant, restaurant",999,TRUE
cmqj7jiiy000204jv9ggxmt64,"Paneer Cheeze Frankie Roll",90,90,"1 Roll","A.S. Restaurant","Fruits & Vegetables","frankie-rolls, frankie-rolls, frankie rolls, frankie-roll, frankie roll, rolls, roll, kathi roll, kathi-roll, veg, restaurant, restaurant",999,TRUE
cmqhxwyd8000104jxwte0tsvg,"Paneer Cheeze Garlic Bread",115,115,"Qty 1 (4 Pcs)","A.S. Restaurant","Fruits & Vegetables","garlic-bread, garlic-bread, garlic bread, garlic-breads, veg, restaurant, restaurant",999,TRUE
cmqhvscox000004i88wio37ya,"Paneer Cheeze Sandwitch",90,90,"Qty 1","A.S. Restaurant","Fruits & Vegetables","sandwiches, sandwiches, sandwich, veg, restaurant, restaurant",999,TRUE
cmsdmui3k000804l9ifgkbkco,"Paneer Dil Bahar",280,280,"1 Pc","Bal Udyan Restaurant","Fruits & Vegetables","main-course, restaurant",999,TRUE
cmrl2gmxh000004jst4bq85c1,"Paneer do pyaaza",289,289,"1 Pc","Wedson Restaurant","Fruits & Vegetables","restaurant, main-course",999,TRUE
cmsdmeyah000304l79xltycux,"Paneer Do Pyaaza",240,240,"Full","Bal Udyan Restaurant","Fruits & Vegetables","main-course, north-indian, curry, dal-makhani, paneer-butter-masala, paneer, main-course, dal, veg, restaurant, restaurant",99999,TRUE
cmqj7h4vv000104jv1m9nmhvo,"Paneer Frankie Roll",80,80,"1 Roll","A.S. Restaurant","Fruits & Vegetables","frankie-rolls, frankie-rolls, frankie rolls, frankie-roll, frankie roll, rolls, roll, kathi roll, kathi-roll, veg, restaurant, restaurant",999,TRUE
cmqi3xox3000104l4gspat3pi,"Paneer Fried Momos",65,65,"8 Pcs","A.S. Restaurant","Fruits & Vegetables","hot-bite, hot-bite, snacks, momos, veg, restaurant, restaurant",999,TRUE
cmqjdbztr000104jswmqy0lxx,"Paneer Fried Rice",105,105,"1 Plate","A.S. Restaurant","Fruits & Vegetables","rice-dishes, rice-dishes, rice dishes, rice-dish, rice dish, biryani, pulav, veg, restaurant, restaurant",999,TRUE
cmqj7kgcm000304jvmx7w0kma,"Paneer Kathi Roll",90,90,"1 Roll","A.S. Restaurant","Fruits & Vegetables","frankie-rolls, frankie-rolls, frankie rolls, frankie-roll, frankie roll, rolls, roll, kathi roll, kathi-roll, veg, restaurant, restaurant",999,TRUE
cmse8lu0t000504larmo0oh90,"Paneer Kulcha ",55,55,"1 Pc","Bal Udyan Restaurant","Fruits & Vegetables","roti-naan-kulcha, restaurant",999,TRUE
cmrl2dfi2000104jyehvgdun1,"Paneer Lababdaar",289,289,"1 Pc","Wedson Restaurant","Fruits & Vegetables","restaurant, main-course",999,TRUE
cmsdmdyja000204l7a85zaut3,"Paneer Lababdaar",239,239,"Full","Bal Udyan Restaurant","Fruits & Vegetables","main-course, north-indian, curry, dal-makhani, paneer-butter-masala, paneer, main-course, dal, veg, restaurant, restaurant",99999,TRUE
cmqhts7vn000004l1tom75kqk,"Paneer Makhani Pizza",149,159,"Qty 1","A.S. Restaurant","Fruits & Vegetables","pizza, restaurant",999,TRUE
cmsegc6ry000f04ldln5dhwnl,"Paneer Malai Tikka ",249,249,"1 Pc","Bal Udyan Restaurant","Fruits & Vegetables","tandoori-nawab-nawab, restaurant",999,TRUE
cmrmyaa1w000104ldi88g5p3c,"Paneer Malai Tikka ",269,269,"1 Pc","Wedson Restaurant","Fruits & Vegetables","restaurant, tandoori-nawab-nawab",999,TRUE
cmsedgeal000304l4gr1qu1gr,"Paneer Manchurian ",199,199,"1 Pc","Bal Udyan Restaurant","Fruits & Vegetables","starter, restaurant",999,TRUE
cmqi21si4000004jubnu2g1cx,"Paneer Noodles",95,95,"1 Plate","A.S. Restaurant","Fruits & Vegetables","chinese, chinese, chinese-cuisine, chinese cuisine, veg, restaurant, restaurant",999,TRUE
cmseej4pb001i04kv9jvy2cmt,"Paneer Pakodi",150,150,"1 Pc","Bal Udyan Restaurant","Fruits & Vegetables","starter, restaurant",999,TRUE
cmsdlf4ws000704kycfb5zga3,"Paneer Paratha",99,99,"1 Pc","Bal Udyan Restaurant","Fruits & Vegetables","breakfast, restaurant",999,TRUE
cmrlvvna6000304l01gaoau7n,"Paneer Paratha (2 Pc)",149,149,"1 Pc","Wedson Restaurant","Fruits & Vegetables","restaurant, breakfast",999,FALSE
cmsdmoqvg000604l9detin6ga,"Paneer Pasanda",239,239,"1 Pc","Bal Udyan Restaurant","Fruits & Vegetables","main-course, restaurant",999,TRUE
cmqhvpaww000204jx72plxjya,"Paneer Sandwitch",80,80,"Qty 1","A.S. Restaurant","Fruits & Vegetables","sandwiches, sandwiches, sandwich, veg, restaurant, restaurant",997,TRUE
cmrmxv377000104l4cl826asl,"Paneer Tikka ",239,239,"1 Pc","Wedson Restaurant","Fruits & Vegetables","restaurant, tandoori-nawab-nawab",999,TRUE
cmsegb6j3000e04ldl76a3tf0,"Paneer Tikka ",220,220,"1 Pc","Bal Udyan Restaurant","Fruits & Vegetables","tandoori-nawab-nawab, restaurant",999,TRUE
cmrmflcmm000105jsautpv6kc,"Paneer Tikka Biryani",269,269,"1 Pc","Wedson Restaurant","Fruits & Vegetables","restaurant, basmati-rice-/-biryani",998,TRUE
cmrl1v5co000004il4r5m2ezn,"Paneer Tikka Masala ",289,289,"1 Pc","Wedson Restaurant","Fruits & Vegetables","restaurant, main-course",999,TRUE
cmsdm5v2z000104kwpwb9t2be,"Paneer Tikka Masala ",239,239,"1 Pc","Bal Udyan Restaurant","Fruits & Vegetables","main-course, restaurant",999,TRUE
cmrt0h30j000004jr0k0642zs,"Paneer Tikka Pizza ",249,249,"1 Pc","Wedson Restaurant","Fruits & Vegetables","pizza, restaurant",999,TRUE
cmsdmyqdl000104k1w46oisim,"Paneer Tiranga ",290,290,"1 Pc","Bal Udyan Restaurant","Fruits & Vegetables","main-course, restaurant",999,TRUE
cmqky6ixi000004l8cyukixz8,"Parwal",35,40,"1 Pc","Grocery / Kirana","Fruits & Vegetables","",157,TRUE
cmsee5xry001e04kv7925ozvk,"Pav bhaji ",110,110,"1 Pc","Bal Udyan Restaurant","Fruits & Vegetables","starter, restaurant",999,TRUE
cmrt0xqc2000d04jp0g6h4e69,"Pavbhaji ",149,149,"1 Pc","Wedson Restaurant","Fruits & Vegetables","pizza, restaurant",999,TRUE
cmrswtpsz000004l7yn9z2oq0,"Peanut Masala ",129,129,"1 Pc","Wedson Restaurant","Fruits & Vegetables","starter, restaurant",999,TRUE
cmsec9luz000104kvtkg2cumw,"Peanut Masala ",99,99,"1 Pc","Bal Udyan Restaurant","Fruits & Vegetables","starter, restaurant",999,TRUE
cmseei5qt001h04kvqs2rsq45,"Peri Peri French Fries ",100,100,"1 Pc","Bal Udyan Restaurant","Fruits & Vegetables","starter, restaurant",999,TRUE
cmqj1q790000004l1l1jxjv6i,"Pineapple ( Ananas)",80,85,"1 pc","Grocery / Kirana","Fruits & Vegetables","fresh, fruits, vegetables",50,TRUE
cmrsryjif000204ktygqffk9g,"Pineapple Shake",119,119,"1 Pc","Wedson Restaurant","Fruits & Vegetables","shake, restaurant",999,TRUE
cmrt5y0bg000604jp9i8240ay,"Pink Pasta ",239,239,"1 Pc","Wedson Restaurant","Fruits & Vegetables","pasta, restaurant",999,TRUE
cmqhvyb4x000204i8q8a2npdz,"Pizza Sandwitch",135,135,"Qty 1","A.S. Restaurant","Fruits & Vegetables","sandwiches, sandwiches, sandwich, veg, restaurant, restaurant",999,TRUE
cmrm15fvf000004jzdgouciuz,"Plain Naan",35,35,"1 Naan","Wedson Restaurant","Fruits & Vegetables","restaurant, roti-naan-kulcha",999,TRUE
cmse84uag000004jpga7x2psr,"Plain Naan ",25,25,"1 Pc","Bal Udyan Restaurant","Fruits & Vegetables","roti-naan-kulcha, restaurant",999,TRUE
cmsdlj1dp000604l2cap28x6u,"Poha",80,80,"1 Pc","Bal Udyan Restaurant","Fruits & Vegetables","breakfast, paratha, poori, chole-bhature, nashta, poha, veg, restaurant",999,TRUE
cmrlvy1pv000204kz9f6xxprs,"Poha",99,99,"1 Pc","Wedson Restaurant","Fruits & Vegetables","restaurant, breakfast",998,FALSE
cmqizrvzf000004kyjzisnswi,"Pomegranate(Anaar)",149,160,"1 kg","Grocery / Kirana","Fruits & Vegetables","fresh, fruits, vegetables",42,TRUE
cmrlvwuzi000304l7h82uwdvt,"Poori Bhaji (4 Pcs)",149,149,"1 Pc","Wedson Restaurant","Fruits & Vegetables","restaurant, breakfast",999,FALSE
cmqkn5ukr000004i8qzte3gk6,"Potato (Aalo)",25,30,"1 pc","Grocery / Kirana","Fruits & Vegetables","",92,TRUE
cmsed29f7000104jp0gusilkk,"Potato Cheese Ball",130,130,"1 Pc","Bal Udyan Restaurant","Fruits & Vegetables","starter, restaurant",999,TRUE
cmqkts44z000004jldomcvr33,"Pumpkin ( Kaddu)",15,20,"1 Pc","Grocery / Kirana","Fruits & Vegetables","",94,TRUE
cmru4s4eg000904jou5euhpg2,"Punjabi Paneer Tikka",259,259,"1 Pc","Wedson Restaurant","Fruits & Vegetables","restaurant, special-starters",999,TRUE
cmse8suxo000a04layqk56o1a,"Puri",10,10,"1 Pc","Bal Udyan Restaurant","Fruits & Vegetables","roti-naan-kulcha, restaurant",999,TRUE
cmsdlbvdu000104la2hhqk2i8,"Puri bhaji",80,80,"1 Pc","Bal Udyan Restaurant","Fruits & Vegetables","breakfast, restaurant",999,TRUE
cmqkwkgnz000004l8ljmh1hcb,"Purple Brinjal ( Baigan)",40,35,"1 Pc","Grocery / Kirana","Fruits & Vegetables","",100,TRUE
cmrt5udjm000204jpzo1is7y7,"Red Pasta",199,199,"1 Pc","Wedson Restaurant","Fruits & Vegetables","restaurant, pasta",999,TRUE
cmqiggt09000004l86a1apssj,"Red Sauce Pasta",115,115,"1 Plate","A.S. Restaurant","Fruits & Vegetables","italian-pasta, italian-pasta, italian-pastas, italian pasta's, pasta, veg, restaurant, restaurant",999,TRUE
cmqi273r1000004ic6e36qx4z,"Sezwan Noodles",90,90,"1 Plate","A.S. Restaurant","Fruits & Vegetables","chinese, chinese, chinese-cuisine, chinese cuisine, veg, restaurant, restaurant",999,TRUE
cmqjdjt3i000004jseqdvheia,"Sezwan Rice",95,95,"1 Plate","A.S. Restaurant","Fruits & Vegetables","rice-dishes, rice-dishes, rice dishes, rice-dish, rice dish, biryani, pulav, veg, restaurant, restaurant",999,TRUE
cmqigfcf4000004ldcqc58t9f,"Sezwan Sauce Pasta",95,95,"1 Plate","A.S. Restaurant","Fruits & Vegetables","italian-pasta, italian-pasta, italian-pastas, italian pasta's, pasta, veg, restaurant, restaurant",999,TRUE
cmrlmo5cc000104l5g7w5dy8w,"Shahi Paneer",225,225,"1 Pc","Wedson Restaurant","Fruits & Vegetables","restaurant, main-course",998,TRUE
cmsdmqqz0000304le69scj6e1,"Shahi Paneer ",199,199,"1 Pc","Bal Udyan Restaurant","Fruits & Vegetables","main-course, restaurant",999,TRUE
cmqi2l00e000004l1i0tlf3uw,"Singapuri Noodles",105,105,"1 Plate","A.S. Restaurant","Fruits & Vegetables","chinese, chinese, chinese-cuisine, chinese cuisine, veg, restaurant, restaurant",999,TRUE
cmqjdsq0u000104js445kl6jw,"Singapuri Rice",115,115,"1 Plate","A.S. Restaurant","Fruits & Vegetables","rice-dishes, rice-dishes, rice dishes, rice-dish, rice dish, biryani, pulav, veg, restaurant, restaurant",999,TRUE
cmsdn3ch0000004jianhyshvo,"Soya chaap masala ",210,210,"1 Pc","Bal Udyan Restaurant","Fruits & Vegetables","main-course, restaurant",998,TRUE
cmrlms62y000b04l5savd1f78,"Soya Chaap Masala ",289,289,"1 Pc","Wedson Restaurant","Fruits & Vegetables","restaurant, main-course",999,TRUE
cmru4v0uw000004jm2d2t9t6h,"Soya malai chaap",219,219,"1 Pc","Wedson Restaurant","Fruits & Vegetables","special-starters, restaurant",999,TRUE
cmsee4zo5001d04kvsuxuhr3d,"Soya Malai Chaap",199,199,"1 Pc","Bal Udyan Restaurant","Fruits & Vegetables","starter, restaurant",999,TRUE
cmru4wy6w000004i8ld5xg142,"Soya Masala Chaap",239,239,"1 Pc","Wedson Restaurant","Fruits & Vegetables","special-starters, restaurant",999,TRUE
cmsec7gub000704jvoad020fn,"Spanich Corn Roll",140,140,"1 Pc","Bal Udyan Restaurant","Fruits & Vegetables","starter, restaurant",999,TRUE
cmqhw38rc000004l4wbswlwzc,"Special Sandwich",100,100,"Qty 1","A.S. Restaurant","Fruits & Vegetables","sandwiches, sandwiches, sandwich, veg, restaurant, restaurant",999,TRUE
cmqhtzt1t000004jorbi3qwp4,"Spicy Veggie Pizza",149,159,"Qty 1","A.S. Restaurant","Fruits & Vegetables","pizza, restaurant",999,TRUE
cmqi41wcm000004jpiod6g5ko,"Spring Roll",50,50,"1 Plate","A.S. Restaurant","Fruits & Vegetables","hot-bite, hot-bite, snacks, momos, veg, restaurant, restaurant",996,TRUE
cmrmf1y7l000004jooq294z9e,"Steamed Rice",119,119,"1 Pc","Wedson Restaurant","Fruits & Vegetables","restaurant, basmati-rice-/-biryani",999,TRUE
cmrsrj1tm000104ktm7atwbgm,"Strawberry Shake",113,119,"1 Pc","Wedson Restaurant","Fruits & Vegetables","shake, desserts, ice-cream",999,TRUE
cmqhzo083000204ic1ujhimgj,"Strawberry Shake",85,85,"300 ml","A.S. Restaurant","Fruits & Vegetables","shakes, shakes, shake, milkshake, milkshakes, veg, restaurant, restaurant",999,TRUE
cmrm1ariv000204l76ngsam10,"Stuffed Aloo Kulcha ",59,59,"1 Kulcha","Wedson Restaurant","Fruits & Vegetables","restaurant, roti-naan-kulcha",999,TRUE
cmse8y26z000c04jwqcr7pq6m,"Stuffed Kulcha ",50,50,"1 Pc","Bal Udyan Restaurant","Fruits & Vegetables","roti-naan-kulcha, restaurant",999,TRUE
cmse8x5af000b04jwxbqv1mwl,"Stuffed Naan",50,50,"1 Pc","Bal Udyan Restaurant","Fruits & Vegetables","roti-naan-kulcha, restaurant",999,TRUE
cmrm1bipx000504l7jzzj8ssh,"Stuffed Paneer Kulcha",79,79,"1 Kulcha","Wedson Restaurant","Fruits & Vegetables","restaurant, roti-naan-kulcha",999,TRUE
cmsecc5iv000304kvwmwi9neg,"Sweet Corn Masala ",99,99,"1 Pc","Bal Udyan Restaurant","Fruits & Vegetables","starter, restaurant",999,TRUE
cmqhtmaqg000004ld19thbri9,"Sweet Corn Pizza",129,139,"Qty 1","A.S. Restaurant","Fruits & Vegetables","pizza, restaurant",999,TRUE
cmse62i04000604lgwozys7m8,"Tandoori Butter Roti ",15,15,"1 Pc","Bal Udyan Restaurant","Fruits & Vegetables","roti-naan-kulcha, restaurant",999,TRUE
cmqhtugvz000004jmp6yuo0xi,"Tandoori Paneer Pizza",149,159,"Qty 1","A.S. Restaurant","Fruits & Vegetables","pizza, restaurant",999,TRUE
cmse61b1w000204lgplv5l8yx,"Tandoori Plain Roti",10,10,"1 Pc","Bal Udyan Restaurant","Fruits & Vegetables","roti-naan-kulcha, restaurant",999,TRUE
cmru58umu000504jxuxfb0gji,"Tandoori Plater ",299,299,"1 Pc","Wedson Restaurant","Fruits & Vegetables","special-starters, restaurant",999,TRUE
cmrm13y8x000004kzj8994frg,"Tandoori Roti Butter",20,20,"1 Roti","Wedson Restaurant","Fruits & Vegetables","restaurant, roti-naan-kulcha",999,TRUE
cmrm12nnp000i04jzdpefptef,"Tandoori Roti Plain",15,15,"1 Roti","Wedson Restaurant","Fruits & Vegetables","restaurant, roti-naan-kulcha",999,TRUE
cmqknc86a000004l14k1zhdmk,"Tomato ( Tamatar)",50,60,"1 pc","Grocery / Kirana","Fruits & Vegetables","",93,TRUE
cmqht3pis000004jmml4tir0s,"Tomato Pizza",109,119,"Qty 1","A.S. Restaurant","Fruits & Vegetables","pizza, restaurant",999,TRUE
cmrlmya70000804joqnuorx4w,"Turban Paneer Masala ",319,319,"1 Pc","Wedson Restaurant","Fruits & Vegetables","restaurant, main-course",999,TRUE
cmrss5aar000404jx8x5l8p0y,"Vanilla Shake",119,119,"1 Pc","Wedson Restaurant","Fruits & Vegetables","desserts, shake, shakes, restaurant",999,TRUE
cmqhzlgby000004icf92dj6ua,"Vanilla Shake",85,85,"300 ml","A.S. Restaurant","Fruits & Vegetables","shakes, shakes, shake, milkshake, milkshakes, veg, restaurant, restaurant",999,TRUE
cmrmfkc3w000005jsz6sq8xuw,"Veg biryani",229,229,"1 Pc","Wedson Restaurant","Fruits & Vegetables","restaurant, basmati-rice-/-biryani",999,TRUE
cmqhv1hej000004ibh5q6wzgg,"Veg Burger",40,40,"Qty 1","A.S. Restaurant","Fruits & Vegetables","burgers, burgers, burger, veg-burger, cheese-burger, paneer-burger, veg, restaurant, restaurant",997,TRUE
cmrt3qx89000104jp3ukhahpj,"Veg Burger ",69,69,"1 Pc","Wedson Restaurant","Fruits & Vegetables","restaurant, burger",998,TRUE
cmrsuw5kk000104l14nl01rim,"Veg Cream of Mushroom ",119,119,"1 Pc","Wedson Restaurant","Fruits & Vegetables","restaurant, soup",999,TRUE
cmqj7g0ms000004jvs6xbmk8f,"Veg Frankie Roll",70,70,"1 Roll","A.S. Restaurant","Fruits & Vegetables","frankie-rolls, frankie-rolls, frankie rolls, frankie-roll, frankie roll, rolls, roll, kathi roll, kathi-roll, veg, restaurant, restaurant",998,TRUE
cmqi3vz1u000004l4spawcpbv,"Veg Fried Momos",50,50,"8 pcs","A.S. Restaurant","Fruits & Vegetables","hot-bite, hot-bite, snacks, momos, veg, restaurant, restaurant",999,TRUE
cmqjd9nvb000004jsfg3ewbza,"Veg Fried Rice",80,80,"1 Plate","A.S. Restaurant","Fruits & Vegetables","rice-dishes, rice-dishes, rice dishes, rice-dish, rice dish, biryani, pulav, veg, restaurant, restaurant",997,TRUE
cmrt0taao000404jrmvvshf05,"Veg Grilled Sandwich ",149,149,"1 Pc","Wedson Restaurant","Fruits & Vegetables","restaurant, pizza",999,TRUE
cmrsuqd84000104l7g989ogmi,"Veg Hot & Sour Soup",119,119,"1 Pc","Wedson Restaurant","Fruits & Vegetables","soup, restaurant",999,TRUE
cmrsv3kmv000004l141nb4g7o,"Veg Manchow Soup",119,119,"1 Pc","Wedson Restaurant","Fruits & Vegetables","soup, restaurant",999,TRUE
cmsedikrk000504l4sc97uyq2,"Veg Manchurian ",165,165,"1 Pc","Bal Udyan Restaurant","Fruits & Vegetables","starter, restaurant",999,TRUE
cmqhvmm7b000004jxhu7strzq,"Veg Masala Sandwitch",70,70,"Qty 1","A.S. Restaurant","Fruits & Vegetables","sandwiches, sandwiches, sandwich, veg, restaurant, restaurant",999,TRUE
cmrmfb6fc000004l0vpzzbqjj,"Veg Navratan Pulav",199,199,"1 Pc","Wedson Restaurant","Fruits & Vegetables","restaurant, basmati-rice-/-biryani",999,TRUE
cmqi1tksh000004icq037c12i,"Veg Noodles",60,60,"1 Plate","A.S. Restaurant","Fruits & Vegetables","chinese, chinese, chinese-cuisine, chinese cuisine, veg, restaurant, restaurant",999,TRUE
cmrmf7qus000004i9uwd6ldhc,"Veg Pulav",159,159,"1 Pc","Wedson Restaurant","Fruits & Vegetables","restaurant, basmati-rice-/-biryani",999,TRUE
cmrt0s447000204jr74hce80k,"Veg Sandwich ",139,139,"1 Pc","Wedson Restaurant","Fruits & Vegetables","pizza, restaurant",999,TRUE
cmru565v2000304jxsbnmjmit,"Veg Seekh Kebab ",199,199,"1 Pc","Wedson Restaurant","Fruits & Vegetables","special-starters, restaurant",999,TRUE
cmqhuctgp000004joxvh4wa9e,"Veg Special Pizza",169,179,"Qty 1","A.S. Restaurant","Fruits & Vegetables","pizza, restaurant",999,TRUE
cmrsukjvt000204l1dmv65rid,"Veg Sweet Corn Soup",119,119,"1 Pc","Wedson Restaurant","Fruits & Vegetables","restaurant, soup",999,TRUE
cmrswn8a0000004l45lulcjqj,"Vegetable Spring Roll",129,129,"1 Pc","Wedson Restaurant","Fruits & Vegetables","restaurant, starter",999,TRUE
cmsec1i6w000104jva5v94zlt,"Vegetable Spring Rolls",110,110,"1 Pc","Bal Udyan Restaurant","Fruits & Vegetables","starter, restaurant",999,TRUE
cmqhuj9qq000004jod1cke6xa,"Veggie Delite Pizza",189,199,"Qty 1","A.S. Restaurant","Fruits & Vegetables","pizza, restaurant",999,TRUE
cmqhuaceu000004ju23hbam9a,"Veggie Overloaded Pizza",165,169,"Qty 1","A.S. Restaurant","Fruits & Vegetables","pizza, restaurant",999,TRUE
cmqhufwcw000104joyujs402c,"Veggie Paneer Pizza",189,199,"Qty 1","A.S. Restaurant","Fruits & Vegetables","pizza, restaurant",999,TRUE
cmqhypc4i000104juf55gz7m2,"Virgin Mojito",80,80,"300 ml","A.S. Restaurant","Fruits & Vegetables","mocktails, mocktails, mocktail, coolers, cooler, mojito, veg, restaurant, restaurant",999,TRUE
cmqhz2aa5000404jufuw5zn2t,"Watermelon Mojito",80,80,"300 ml","A.S. Restaurant","Fruits & Vegetables","mocktails, mocktails, mocktail, coolers, cooler, mojito, veg, restaurant, restaurant",999,TRUE
cmrt5wctn000504jp1ofd17bd,"White Pasta",229,229,"1 Pc","Wedson Restaurant","Fruits & Vegetables","pasta, restaurant",999,TRUE
cmqighzcw000104l85q9krcrq,"White Sauce Pasta",125,125,"1 Plate","A.S. Restaurant","Fruits & Vegetables","italian-pasta, italian-pasta, italian-pastas, italian pasta's, pasta, veg, restaurant, restaurant",999,TRUE
cmqte4wuk000004jmx86hs0pz,"Bikaji Bhelpuri",48,50,"110 g","Grocery / Kirana","Snacks & Munchies","late-night",10,TRUE
cmqtfgjvb000004l2xaocex0u,"Bikano Aloo Bhujia",243,299,"1 kg","Grocery / Kirana","Snacks & Munchies","",0,TRUE
cmrelajg8000104l5fpbkpkzn,"Bikano Diet Mixture Namkeen ",199,225,"1 kg","Grocery / Kirana","Snacks & Munchies","",1,TRUE
cmqtf84xs000004l509yt28pd,"Bikano Navratan Mixture",225,285,"1 kg","Grocery / Kirana","Snacks & Munchies","",0,TRUE
cmrel7w6a000104l4z0cm589r,"Bikano Tasty Spicy Coated Peanuts Namkeen",279,299,"1 kg","Grocery / Kirana","Snacks & Munchies","",1,TRUE
cmsexlbo5000304jxtrf6b8vy,"Bingo Mad Angles Achari Masti",49,50,"1 Pc","Grocery / Kirana","Snacks & Munchies","",0,TRUE
cmqtcj98g000004l2dqk7g7c9,"Bingo Tedhe Medhe",20,20,"1 Packet","Grocery / Kirana","Snacks & Munchies","late-night",7,TRUE
cmsf0c6mk000105gyjifczmhp,"Britannia Bourbon",40,40,"1 Pc","Grocery / Kirana","Snacks & Munchies","",6,TRUE
cmsf296bq000104juk3ref4yl,"Britannia Choco Chill Cake",30,30,"100 g","Grocery / Kirana","Snacks & Munchies","snacks, snacks-munchies, cakes",44,TRUE
cmsf2agj5000204jut7vuss78,"Britannia Fruity Fun Cake",15,15,"1 Pc","Grocery / Kirana","Snacks & Munchies","snacks, snacks-munchies, cakes",59,TRUE
cmseyabfq000104lapc1iwm5d,"Britannia Good Day ",40,40,"248 g","Grocery / Kirana","Snacks & Munchies","",12,TRUE
cmsezwfcu000204l3bkowjw65,"Britannia Marie Gold",40,40,"1 Pc","Grocery / Kirana","Snacks & Munchies","",6,TRUE
cms33n48n000a04l4ceuermpo,"Britannia Pure Magic Cookie",159,170,"22 cookies","Grocery / Kirana","Snacks & Munchies","",0,TRUE
cms356tgf000o04jxeh99206q,"Cadbury Mini Treats",125,133,"15 units","Grocery / Kirana","Snacks & Munchies","",0,TRUE
cmsexp6ar000204jyjx9xwmo6,"Chocos Multigrain",75,75,"127 g","Grocery / Kirana","Snacks & Munchies","",2,TRUE
cmqt9buj6000004kt1vzrwy9b,"Dark Fantasy",159,170,"20 packs","Grocery / Kirana","Snacks & Munchies","grocery",2,TRUE
cmsf03k45000c04lag0fw7330,"Dark Fantasy Choco Fills",40,40,"1 Pc","Grocery / Kirana","Snacks & Munchies","grocery",8,TRUE
cms33io6f000504l47q8afxvh,"Dark Fantasy Choco Rolls",169,200,"20 Rolls","Grocery / Kirana","Snacks & Munchies","grocery",0,TRUE
cmqteaon8000004l2mu6ehzy5,"Haldiram Bhelpuri",39,47,"110 g","Grocery / Kirana","Snacks & Munchies","late-night",0,TRUE
cmsg0yvp8000504ihk5abkn3d,"Haldiram's All In One ",60,60,"1 Pc","Grocery / Kirana","Snacks & Munchies","Namkeen",4,TRUE
cmsg1w55s000104jipnu83cwo,"Haldiram's Aloo Bhujia",55,55,"1 Pc","Grocery / Kirana","Snacks & Munchies","Namkeen",5,TRUE
cmsg0lq54000104l4m8d4wvio,"Haldiram's Bhujia",60,60,"1 Pc","Grocery / Kirana","Snacks & Munchies","Namkeen",6,TRUE
cmsg28viv000a04ju82rybp9p,"Haldiram's Boondi ",55,55,"200 g","Grocery / Kirana","Snacks & Munchies","Namkeen",1,TRUE
cmsg06sig001i04jp5tz8m99r,"Haldiram's CornFlakes Mixture ",80,80,"1 Pc","Grocery / Kirana","Snacks & Munchies","Namkeen",6,TRUE
cmsg1g553000p04i3e3k3qlrz,"Haldiram's Kaju Mixture ",100,100,"1 Pc","Grocery / Kirana","Snacks & Munchies","Namkeen",5,TRUE
cmsg176lf000804i3kqt5sa4v,"Haldiram's Kashmiri Mixture ",90,90,"1 Pc","Grocery / Kirana","Snacks & Munchies","Namkeen",5,TRUE
cmsg1kar7000704kw9vtoryry,"Haldiram's Khatta Meetha",50,50,"1 Pc","Grocery / Kirana","Snacks & Munchies","Namkeen",6,TRUE
cmsg2a4iz000j04jurjo2da84,"Haldiram's Masala Boondi",55,55,"200 g","Grocery / Kirana","Snacks & Munchies","Namkeen",2,TRUE
cmsg0arig001l04jp9pyc2wnt,"Haldiram's Moongfali Dal",60,60,"1 Pc","Grocery / Kirana","Snacks & Munchies","Namkeen",5,TRUE
cmsg0efv0000e04ldgfgakgpu,"Haldiram's Navrattan",50,50,"1 Pc","Grocery / Kirana","Snacks & Munchies","Namkeen",6,TRUE
cmsg0ueyq000204ih9m2ie9na,"Haldiram's Nut Cracker ",55,55,"1 Pc","Grocery / Kirana","Snacks & Munchies","Namkeen",5,TRUE
cmsg22p4t000604juo2cquglu,"Haldiram's Nut Crusher",65,65,"200 g","Grocery / Kirana","Snacks & Munchies","Namkeen",3,TRUE
cmsg0pstz001p04jpuc18hopt,"Haldiram's Panchratan",100,100,"1 Pc","Grocery / Kirana","Snacks & Munchies","Namkeen",6,TRUE
cmsg1a35o001504ldwd7zmy9l,"Haldiram's Shahi Dal Biji",65,65,"1 Pc","Grocery / Kirana","Snacks & Munchies","Namkeen",6,TRUE
cmseyjkwg000404lacwj6bqsj,"Haldiram's Soan Papdi",320,320,"1 kg","Grocery / Kirana","Snacks & Munchies","",6,TRUE
cmreofrw4000004jvy9ueeesm,"Lotte Choco Pie",159,180,"336 g","Grocery / Kirana","Snacks & Munchies","",1,TRUE
cmqtcg3ut000004l2jt1qqpi6,"Oreo Biscuits ( Jumbo Pack)",119,144,"5 packs ( 459.25 g)","Grocery / Kirana","Snacks & Munchies","late-night",2,TRUE
cmrenhem8000104ky2atxvg3q,"Parle Hide & Seek Biscuits ",129,150,"413 g","Grocery / Kirana","Snacks & Munchies","",5,TRUE
cmrel1kxv000004l43n9jeozj,"Parle-G Biscuits",95,100,"800 g","Grocery / Kirana","Snacks & Munchies","",1,TRUE
cmsf1nwzv000204jr0nl66n7o,"Seeds, Nuts & Berries",349,349,"1 Pc","Grocery / Kirana","Snacks & Munchies","",2,TRUE
cmqtg5whp000004jsc03h7g3a,"Sunfeast Dark Fantasy Choco Creme Dark Crunch Cookies",85,98,"237 gm","Grocery / Kirana","Snacks & Munchies","grocery",0,TRUE
cms34p5u2000404kzd3rohogw,"Unibic Choco Chip Cookies",179,200,"5 packs","Grocery / Kirana","Snacks & Munchies","",2,TRUE
cmrene9nf000104i81ffb8t61,"Unibic Cookies ",25,30,"67.5 g","Grocery / Kirana","Snacks & Munchies","",7,FALSE
cms3552qc000g04jxztodgnz3,"Yogabar 10 g Blueberry protein bar ",49,100,"3","Grocery / Kirana","Snacks & Munchies","",0,TRUE
cmqtcp6lt000004ldrohmjs8l,"Clean And Clear Foaming Facewash For Oily Skin",349,539,"240 ml","Grocery / Kirana","Personal Care","Facewash",1,TRUE
cmrej5cm3000104jpp36pvbzt,"Colgate MaxFresh",249,280,"Combo Pack (150 g + 150 g)","Grocery / Kirana","Personal Care","",0,TRUE
cmrejbffl000104laz68dljsp,"Colgate Strong Teeth Anticavity Toothpaste",279,310,"Super Saver (200g + 200g + 100g)","Grocery / Kirana","Personal Care","",1,TRUE
cmrejth5r000404l7md0h33f0,"Dabur Red Gel Toothpaste ",249,270,"300 g","Grocery / Kirana","Personal Care","",1,TRUE
cmsgj5tmw000304jrzz16ro9p,"Detol Soap (4 pc)",217,217,"4 * 150 g","Grocery / Kirana","Personal Care","",2,TRUE
cmsgj7mhy000404jrh5lrezub,"Detol Soap (5 pc)",182,182,"5*100 g","Grocery / Kirana","Personal Care","",2,TRUE
cmqtd88q6000004jxfs2p9oyn,"Himalaya Purifying Neem Face Wash | 200 ml",299,449,"200ml","Grocery / Kirana","Personal Care","Facewash",1,TRUE
cmqtdgjzr000004jxxla4r33g,"Mamaearth Onion Shampoo for Hair Growth",445,599,"400ml","Grocery / Kirana","Personal Care","personal-care, skincare",1,TRUE
cmqtefl4h000004l5fb53jgae,"Mamaearth Rice Dewy Bright Face",349,449,"150 ml","Grocery / Kirana","Personal Care","personal-care, skincare",1,TRUE
cmqtd1l5f000004l51hq0pqav,"Nivea Men All In One Charcoal with Vitamin C",130,149,"50gm","Grocery / Kirana","Personal Care","Facewash",0,TRUE
cmqtfjedn000104l2em2hjv7o,"NIVEA MEN Dark Spot Reduction Face Wash",125,129,"50 gm","Grocery / Kirana","Personal Care","",1,TRUE
cmqtdl8t0000004jms34soh6u,"Pears Original Glycerin Soap Bar - Pure & Gentle Glow",310,379,"5 soaps","Grocery / Kirana","Personal Care","bathing-soap",1,TRUE
cmqtdwi2m000004jxox2csqny,"Red Paste |Family Saver Pack",159,213,"300gm","Grocery / Kirana","Personal Care","",1,TRUE
cmqtekmtv000004lb46usaw8h,"The Derma Co Sali-Cinamide Anti-Acne Face Wash",349,449,"150 ml","Grocery / Kirana","Personal Care","Facewash, popular",1,TRUE
cmqp3neih000004jsnv9lhefg,"Black Forest Cake",230,250,"1 Pc","Grocery / Kirana","Bakery ","bakery, cake, cakes",76,TRUE
cmqp38kbo000004lbx0wovsdf,"Butterscotch Cake",230,250,"1 Pc","Grocery / Kirana","Bakery ","bakery, cake, cakes",78,TRUE
cmqp3fsy0000004lbqhvbyj82,"Chocolate Cake",230,250,"1 Pc","Grocery / Kirana","Bakery ","bakery, cake, cakes",73,TRUE
cmqp3k9re000004l8mxlhk3mb,"Pineapple Cake",230,250,"1 Pc","Grocery / Kirana","Bakery ","bakery, cake, cakes",99999,TRUE
cmqtfuqxh000104jsyk7czg6j,"ACT II Classic Salted Popcorn",60,72,"165 gm","Grocery / Kirana","Grocery Essential ","",2,TRUE
cmqtfyr11000004i5u33qronp,"ACT II Golden Sizzle Salted Popcorn",60,72,"165 gm","Grocery / Kirana","Grocery Essential ","",2,TRUE
cmsf23jrd000204jobszmsl4t,"Bourn Vita",263,263,"500 g","Grocery / Kirana","Grocery Essential ","",2,TRUE
cmqtdog5t000104jm15hzanv1,"Ching's Manchurian Instant Noodles ",69,80,"256 g","Grocery / Kirana","Grocery Essential ","late-night",1,TRUE
cmreitwuh000304jparp8hpp2,"Closeup Toothpaste ",229,260,"150 g + 150 g (Mega Saver Pack)","Grocery / Kirana","Grocery Essential ","",0,TRUE
cmrellgj2000004ie6k7pu2bv,"Good Life Roasted Flax Seed",99,140,"100 g","Grocery / Kirana","Grocery Essential ","seeds",1,TRUE
cmrelj20k000204l6tyc2aljn,"Good Life Roasted Pumpkin Seed",115,120,"100 g","Grocery / Kirana","Grocery Essential ","seeds",0,TRUE
cmrelpiyw000304l5j77plw58,"Good Life Roasted Sunflower Seed",135,140,"100 g","Grocery / Kirana","Grocery Essential ","seeds",0,TRUE
cmqtgauyi000104l5hl2u7t1a,"Good Life Sugar 1 kg Pack",43,60,"1 kg","Grocery / Kirana","Grocery Essential ","",0,TRUE
cmrekwz3o000004l5b5q3473s,"Good Life Value Almond",529,550,"500 g","Grocery / Kirana","Grocery Essential ","",1,TRUE
cmrekrbes000004l4kmf0wjl3,"Kaju (Good Life W240 Cashew)",629,645,"400 g","Grocery / Kirana","Grocery Essential ","",2,TRUE
cmqteq1cl000004jrigoj1ysv,"Kellogg's Multigrain Chocos ",129,140,"168 g","Grocery / Kirana","Grocery Essential ","late-night",1,TRUE
cmqtfrnl0000004jsjt7ydxgp,"Kissan Mixed Fruit Jam",25,25,"95gm","Grocery / Kirana","Grocery Essential ","Jam, breakfast",6,TRUE
cmrekl5ex000004ie6e5cozcb,"Pista (Roasted & Salted Pistachio)",749,799,"400 g","Grocery / Kirana","Grocery Essential ","",2,TRUE
cmqtf4qcj000004l22q1v2zyj,"Saffola Masala Oats ",250,260,"550gm","Grocery / Kirana","Grocery Essential ","breakfast, popular",0,TRUE
cmseyzs74000104jqeubyjdxg,"Saffola Oats",62,62,"200 g","Grocery / Kirana","Grocery Essential ","",6,TRUE
cmrek2k6c000104jr73my2hqm,"Veeba Tomato Ketchup ",129,150,"1 kg","Grocery / Kirana","Grocery Essential ","",0,TRUE
cmrek7wd7000004l4vn5tmqhs,"Veeba Veg Mayonnaise",199,225,"800 g","Grocery / Kirana","Grocery Essential ","",2,TRUE
cmqtg8ew2000004l5h39aolgh,"Veeba Veg Tandoori Mayonnaise",35,50,"15 gm","Grocery / Kirana","Grocery Essential ","",0,TRUE
cmqtdgum1000104jx7dm5f588,"Women's Muesli",199,350,"350 g","Grocery / Kirana","Grocery Essential ","",1,TRUE
cmqtd3m0b000104l5j8v2fkur,"Yogabar Millet Museli ",239,285,"450 g","Grocery / Kirana","Grocery Essential ","",1,FALSE
cmsgjtnfq000404l72j899uzc,"All Out Combo (Machine+ Refill)",105,105,"1 Pc","Grocery / Kirana","Home Needs and Cleaning ","",5,TRUE
cmsgjnci7000104l7fv3c77zw,"All Out Refill ",85,85,"1 Pc","Grocery / Kirana","Home Needs and Cleaning ","",15,TRUE
cmsgi55h0000104l7uddh1eup,"Detol Handwash",109,109,"675 ml","Grocery / Kirana","Home Needs and Cleaning ","",2,TRUE
cmrv2i6hq000704jv73hzzv5d,"Emokleen Dishwash Liquid ",51,89,"1 Pc","Grocery / Kirana","Home Needs and Cleaning ","Home Cleaning",20,TRUE
cmrv1cceg000604ibzcik3st3,"Emokleen Dishwash Liquid ",51,89,"1 Pc","Grocery / Kirana","Home Needs and Cleaning ","Home Cleaning",20,TRUE
cmrv0w73c000304lanq1ougrk,"Emokleen Dishwash Tub",50,60,"400 gm","Grocery / Kirana","Home Needs and Cleaning ","Home Cleaning",10,TRUE
cmrv25a2m000104l9taxwdqvl,"Emokleen Floor Cleaner Lavender Fresh",60,99,"1 L","Grocery / Kirana","Home Needs and Cleaning ","Home Cleaning",9,TRUE
cmrv16z41000204jlyt9j6oa1,"Emokleen Glass Cleaner ",53,70,"1 Pc","Grocery / Kirana","Home Needs and Cleaning ","Home Cleaning",20,TRUE
cmrv1x8zu000604jtqkzmlp93,"Emokleen Hand Gel",66,89,"1 Pc","Grocery / Kirana","Home Needs and Cleaning ","Home Cleaning",20,TRUE
cmrv2dlqu000204l8t315b344,"Emokleen Toilet Cleaner ",44,49,"1 Pc","Grocery / Kirana","Home Needs and Cleaning ","Home Cleaning",17,TRUE
cmrv297zk000204l6d5tvi9bc,"Floor Cleaner Rose Fresh",68,99,"1 L","Grocery / Kirana","Home Needs and Cleaning ","",10,TRUE
cmsgjzacy000304l8sbl2mtj5,"Good Night Combo (Machine+ Refill)",105,105,"1 Pc","Grocery / Kirana","Home Needs and Cleaning ","",5,TRUE
cmsgiejgn000304l7kgikvngl,"Good Night Fast Card",10,10,"60","Grocery / Kirana","Home Needs and Cleaning ","",60,TRUE
cmsgjptyn000304l77sm6iu92,"Good Night Refill",85,85,"1 Pc","Grocery / Kirana","Home Needs and Cleaning ","",15,TRUE
cmsgk1bip000504l8vfuy8vfy,"Mortein Combo  (Machine+ Refill)",100,100,"1 Pc","Grocery / Kirana","Home Needs and Cleaning ","",5,TRUE
cmsgikdan000104jtdg06y5n7,"Odonil Set",212,212,"1 Pc","Grocery / Kirana","Home Needs and Cleaning ","",2,TRUE
cmsep9wtz000204k48kbtzwww,"Amul Dark Chocolate ",179,180,"150 g","Grocery / Kirana","Chocolates","chocolates, sweets",3,TRUE
cmsephfz9000h04l8oy33s94b,"Amul Dark Chocolate ",45,45,"35 g","Grocery / Kirana","Chocolates","chocolates, sweets",7,TRUE
cmsfs7ikc000404jrbhtlgwmm,"Cadbury Celebrations",160,160,"153 g","Grocery / Kirana","Chocolates","",2,TRUE
cmsfsbyng000504jpv21qhtcj,"Cadbury Celebrations ",50,50,"55 g","Grocery / Kirana","Chocolates","",3,TRUE
cmsfs4xqd000104jroyxyp16n,"Cadbury Celebrations ",110,110,"110 g","Grocery / Kirana","Chocolates","",4,TRUE
cmsepnhwh000k04l80entfbof,"Cadbury Crespelo",20,20,"20 g","Grocery / Kirana","Chocolates","",9,TRUE
cmsept0ks000p04l8urkysntd,"Cadbury Fuse",45,45,"43 g","Grocery / Kirana","Chocolates","",14,TRUE
cmseq6sch000r04l551ub154j,"Dairy Milk ",99,100,"112 g","Grocery / Kirana","Chocolates","",6,TRUE
cmsepzedu000k04l5lam5jyfg,"Dairy Milk ",20,20,"20 g","Grocery / Kirana","Chocolates","",21,TRUE
cmseq9luh000204iamj8ennfd,"Dairy Milk ",45,45,"45 g","Grocery / Kirana","Chocolates","",15,TRUE
cmqum8wtq000604jsdv3omtl5,"Dairy Milk Silk",89,90,"52 g","Grocery / Kirana","Chocolates","",21,TRUE
cmser0vna000504jr102sn4nb,"Dairy Milk Silk ",204,205,"129 g","Grocery / Kirana","Chocolates","",14,TRUE
cmser9kro000e04l8ugadrg2g,"Five Star Oreo",45,45,"42 g","Grocery / Kirana","Chocolates","",15,TRUE
cmseri48x000p04l4qvqclc76,"KitKat ",50,50,"1 Pc","Grocery / Kirana","Chocolates","",14,TRUE
cmserglqo000m04l4g1tvs0cs,"KitKat Chocolate ",30,30,"1 Pc","Grocery / Kirana","Chocolates","chocolates, sweets",7,TRUE
cmsert0x3000404jlps6gfj2o,"Milky Bar",40,40,"1 Pc","Grocery / Kirana","Chocolates","",7,TRUE
cmsezpx58000104jwaew9hi8q,"Silk Cadbury  Celebration  ",350,350,"1 Pc","Grocery / Kirana","Chocolates","",3,TRUE
cmqtcz0y0000004l261ha4iw4,"Yogabar Protein Oats - Dark Chocolate ",149,200,"250 g","Grocery / Kirana","Chocolates","chocolates, sweets",0,TRUE
cmt01o7a0000104k00cc7emu4,"Choclate Peanut Butter ",159,159,"227 g","Grocery / Kirana","Dry Fruits & Superfoods","",0,TRUE
cmt038rpx000604ie3rk0ryf1,"Chocolate Horlicks ",249,249,"500 g","Grocery / Kirana","Dry Fruits & Superfoods","",1,TRUE
cmt01v6n1000704l2gjrpr6qg,"Chocolate Peanut Butter ",319,319,"510 g","Grocery / Kirana","Dry Fruits & Superfoods","",2,TRUE
cmsf1ur92000704jrzlzobi17,"Cornflour ",28,28,"100 g","Grocery / Kirana","Kitchen Needs","",5,TRUE
cmsf1zq8w000004jot327m8r7,"Custard ",35,35,"100 g","Grocery / Kirana","Kitchen Needs","",6,TRUE
cmsfvyjaz000k04l17auev6dx,"Everest Black Pepper ",92,92,"50 g","Grocery / Kirana","Kitchen Needs","",9,TRUE
cmsfvgwpe000704l7acjqge0x,"Everest Chicken Masala ",49,49,"50 g","Grocery / Kirana","Kitchen Needs","",10,TRUE
cmsfvcxjv000504l7qa5atmoz,"Everest Chole Masala ",46,46,"50 g","Grocery / Kirana","Kitchen Needs","",10,TRUE
cmsfw01n2000l04l1yfq4rcj4,"Everest Hing ",143,143,"50 g","Grocery / Kirana","Kitchen Needs","",10,TRUE
cmsfvuvhm000g04l1oruqmana,"Everest Kashmiri Lal Mirch",65,65,"50 g","Grocery / Kirana","Kitchen Needs","",10,TRUE
cmsfvxho9000i04l1v3hfzqn2,"Everest Kasuri Methi",30,30,"25 g","Grocery / Kirana","Kitchen Needs","",10,TRUE
cmsfv2dpd000d04juvooci2m7,"Everest Kitchen King ",48,48,"50 g","Grocery / Kirana","Kitchen Needs","",9,TRUE
cmsfvqbgo000i04l76d7o9hgb,"Everest Meat Masala ",49,49,"50 g","Grocery / Kirana","Kitchen Needs","",10,TRUE
cmsfvotox000t04jvdhhrbm44,"Everest Pav Bhaji Masala ",48,48,"50 g","Grocery / Kirana","Kitchen Needs","",10,TRUE
cmsfvehlw000604l7jqvutk69,"Everest Raita-Dahivada Masala",42,42,"50 g","Grocery / Kirana","Kitchen Needs","",10,TRUE
cmsfvrlv2000a04l1fui0rn9x,"Everest Sabji Masala ",39,39,"50 g","Grocery / Kirana","Kitchen Needs","",9,TRUE
cmsfvaj3u000404l7abwnqks2,"Everest Sambhar Masala ",46,46,"50 g","Grocery / Kirana","Kitchen Needs","",8,TRUE
cmt02icm8000004ihrqbsr5si,"Kissan Mixed Fruit Jam",90,90,"200 g","Grocery / Kirana","Kitchen Needs","",5,TRUE
cmsggu65w000004l754u12zzw,"Namaste India Desi Ghee",250,250,"335 ml","Grocery / Kirana","Kitchen Needs","",2,TRUE
cmsf1r4pn000504jrfidjx7eb,"Rex Baking Powder ",32,32,"100 g","Grocery / Kirana","Kitchen Needs","",6,TRUE
cmt035jtw000c04l2nbagb2lm,"Taaza Tea",55,55,"250 g","Grocery / Kirana","Kitchen Needs","",2,TRUE
cmsfvnfn3000s04jvsxj2a9hv,"Tandoori Chicken Masala ",52,52,"50 g","Grocery / Kirana","Kitchen Needs","",10,TRUE
cmsf0pobj000004l28ebu25e1,"Britannia Toast",50,50,"1 Pc","Grocery / Kirana","Instant Foods","",57,TRUE
cmsfxjwoc000504juwveefmoj,"Dalia ",45,45,"500 g","Grocery / Kirana","Instant Foods","",4,TRUE
cmsgiul56000004jrzd9ppdut,"Funfoods Pasta & Pizza Red Sauce",45,45,"100 g","Grocery / Kirana","Instant Foods","",11,TRUE
cmsgisxr3000104kylbb8na15,"Funfoods Veg Mayonnaise",49,49,"1 Pc","Grocery / Kirana","Instant Foods","",11,TRUE
cmsfxyr3o000804lah96mld4u,"Fusilli Pasta",79,140,"400 g","Grocery / Kirana","Instant Foods","",6,TRUE
cmt027k0f000904l2cw1h05rm,"Knorr Soup",55,55,"40 g","Grocery / Kirana","Instant Foods","",5,TRUE
cmsfxhbj7000e04jpquezx1mh,"Macaroni ",59,59,"400 g","Grocery / Kirana","Instant Foods","",5,TRUE
cmqt9hfjp000004l21h70mkkw,"Maggi",115,120,"1 Pack (560 gm)","Grocery / Kirana","Instant Foods","late-night",0,TRUE
cmsgh3rdl000204l70p19seqi,"Nutrela Soya Mini Chunks",47,47,"200 g","Grocery / Kirana","Instant Foods","",5,TRUE
cmsfy0b2u000004jo3kn1e5l6,"Penne Pasta",86,132,"400 g","Grocery / Kirana","Instant Foods","",5,TRUE
cmsggxjpq000104ld3vt1wph3,"Poha",79,89,"500 g","Grocery / Kirana","Instant Foods","",5,TRUE
cmsfx6igt000304jrd8qzc5i6,"Quaker Oats",60,60,"1 Pc","Grocery / Kirana","Instant Foods","",6,TRUE
cmt03g7hl000404ihu5frweun,"Saffola Classic Masala Oats",230,230,"500 g","Grocery / Kirana","Instant Foods","",0,TRUE
cmt03hzx7000504jm5628hoxp,"Saffola Peppy Tomato Masala Oats",230,230,"500 g","Grocery / Kirana","Instant Foods","",1,TRUE
cmt03h6it000304jmbakyunpb,"Saffola Veggie Twist Masala Oats",230,230,"500 g","Grocery / Kirana","Instant Foods","",2,TRUE
cmsfxpff7000404lanot2x4jw,"Sewai",55,55,"400 g","Grocery / Kirana","Instant Foods","",4,TRUE
cmqtcqern000004jmvuhlzw4j,"Yippee! Noodles ",90,90,"6 in one pack (436.6 g)","Grocery / Kirana","Instant Foods","late-night",3,TRUE
cmrefnaa4000104jquhmfplg7,"YiPPee! Noodles ",169,180,"726 g ( 10 individual packs)","Grocery / Kirana","Instant Foods","",2,TRUE